,Total $BYTE,Total $Bit,Total XP,Total Playtime,Simulation Run,$BYTE/h,$Bit/h,XP/h
0,38490330,47421960,158050216,4660928,1,8.258082939706428,10.174360127425269,33.909602551251595
1,38475740,47363150,158002538,4662816,2,8.25161018577615,10.157627922697356,33.88564721404405
2,38511392,47435590,158132838,4664696,3,8.25592750309988,10.16906353597319,33.89992359630724
3,38457586,47401720,158078258,4663714,4,8.246128729163066,10.163942300063855,33.89535850611766
4,38503738,47416070,158155800,4666876,5,8.250430909242072,10.160130674138331,33.88900840733716
5,38493336,47405310,158135006,4666184,6,8.24942522626626,10.159331479427301,33.8895778649106
6,38496504,47409750,158145900,4667524,7,8.24773563028278,10.157366089601254,33.88218250190037
7,38442050,47406020,158184442,4669122,8,8.233250277032813,10.15309088089795,33.87884103263954
8,38533472,47419350,158095684,4663314,9,8.26310902504099,10.168594694674217,33.90200273882479
9,38500286,47424480,158162142,4665678,10,8.251809490496344,10.16454200225562,33.899069331402636
10,38520606,47402350,158128062,4666280,11,8.25509956539256,10.158488131873783,33.887392526809364
11,38489644,47383340,158124026,4668458,12,8.244616102361851,10.149676831193512,33.87071833997435
12,38526180,47460640,158197034,4664952,13,8.258644461936585,10.173875315330147,33.91182460183942
13,38488094,47493180,158318914,4668360,14,8.244457154118363,10.173418502429119,33.9131759333042
14,38452018,47389150,158085300,4665482,15,8.241810385293524,10.157396384767962,33.884023129871686
15,38546156,47520270,158350496,4668670,16,8.25634623993557,10.178545495826434,33.917688763609334
16,38560894,47493430,158295782,4667752,17,8.261127412081876,10.17479720430734,33.912637603711595
17,38541886,47482030,158323720,4669708,18,8.253596584625848,10.16809402215299,33.90441543668255
18,38468960,47399830,158130158,4667022,19,8.242720947105028,10.156333096351378,33.88245395029207
19,38550518,47482780,158273062,4666722,20,8.260727337090145,10.174760784979263,33.91525400484537
20,38529844,47496280,158359378,4669756,21,8.250933025194463,10.17104105653486,33.911702881264034
21,38585322,47547520,158397476,4668442,22,8.265138990695396,10.18487966649259,33.929408569282856
22,38479484,47443600,158229620,4667460,23,8.24420219991173,10.164757705475784,33.90058404356974
23,38519098,47413090,158114506,4664924,24,8.257175893969547,10.16374328927974,33.89433697097745
24,38507222,47446430,158226614,4667470,25,8.250127370931146,10.165342251798084,33.89986737997245
25,38489098,47381480,158083376,4665558,26,8.249623732038055,10.155586963017072,33.88305878953814
26,38532584,47487170,158234870,4664548,27,8.260732658341173,10.180444064462408,33.92287312725692
27,38510194,47422310,158115646,4663718,28,8.257401926960421,10.168348515068878,33.903346214329424
28,38520364,47469120,158273092,4668598,29,8.25094900010667,10.167746291284878,33.90163213881341
29,38492922,47433800,158175108,4666510,30,8.248760208378425,10.164726958690757,33.895803930560525
30,38506116,47417000,158158940,4666612,31,8.251407230770418,10.160904742026979,33.89159844443892
31,38463062,47487350,158271184,4666434,32,8.242495661569412,10.176368078922792,33.91694471624371
32,38429566,47402850,158151402,4668066,33,8.232438444529276,10.154708609518375,33.87942715462892
33,38508426,47448420,158253478,4669896,34,8.246099270733223,10.160487514068835,33.888009069152716
34,38470764,47373890,158040122,4663628,35,8.249106489625673,10.158162271947933,33.88780623154334
35,38451834,47470970,158327624,4672214,36,8.229895719673799,10.160273052561376,33.887065960591706
36,38385642,47394440,158141152,4667426,37,8.224156526530898,10.154299179033583,33.88187664892813
37,38485502,47445600,158243078,4667760,38,8.244961608994464,10.164532880867911,33.90128841242909
38,38581176,47551060,158368980,4666184,39,8.26825003043172,10.190566852914502,33.93972033678912
39,38548784,47524990,158390782,4671396,40,8.252090809685157,10.173616195244419,33.90652002099586
40,38552586,47510310,158322462,4668054,41,8.258813201389701,10.177755013116816,33.91615906756863
41,38484922,47492430,158350156,4671196,42,8.238772682627747,10.167081406988702,33.89927461832045
42,38489128,47346540,158029294,4666306,43,8.248307762071326,10.1464713201406,33.86603750375565
43,38459472,47387530,158056494,4663624,44,8.246692271932728,10.161095748713876,33.89134587179412
44,38475730,47356620,158041846,4665150,45,8.247479716622188,10.151146265393395,33.87711992111722
45,38450274,47407710,158134788,4667414,46,8.23802516768386,10.157168402031617,33.880600263872026
46,38471986,47379220,158041170,4664348,47,8.24809512497781,10.157736944155968,33.88279991115586
47,38514096,47434660,158140570,4664378,48,8.257070074509398,10.16955744152811,33.903892437534005
48,38480374,47412190,158220216,4671450,49,8.237351143649189,10.149351914287855,33.869615643964934
49,38568360,47454530,158240488,4668110,50,8.262093224024284,10.165683756381062,33.898191773544326
50,38510064,47493140,158303910,4667852,51,8.250061055920368,10.174517101227718,33.913652360871765
51,38460532,47369860,158055364,4666900,52,8.241130514902826,10.150176776875442,33.86731320576828
52,38600546,47497120,158289002,4666020,53,8.272691930167467,10.179364854844172,33.92377272279159
53,38531324,47486030,158284458,4667468,54,8.255294733675731,10.173830865042888,33.91227492079217
54,38452958,47391590,158134960,4667592,55,8.238286036997236,10.153327454499022,33.87934506700671
55,38473122,47396030,158119880,4666724,56,8.244139143433381,10.156167367086633,33.88241515889948
56,38515146,47452680,158157634,4663216,57,8.259352772850324,10.175955821047106,33.91600003087998
57,38483074,47409940,158107240,4664588,58,8.250047807008894,10.163800104103514,33.89522075690286
58,38460306,47442450,158264424,4671390,59,8.23316100775144,10.155960003339477,33.8795142345212
59,38592212,47563010,158485034,4671424,60,8.26133787042238,10.181694061596636,33.92649307791372
60,38479280,47364190,157993824,4662508,61,8.252914525830304,10.158521980015905,33.88601671031985
61,38496294,47428180,158203172,4666982,62,8.248648484180997,10.162494734284383,33.898389151704464
62,38489510,47461600,158272412,4669484,63,8.242775861315726,10.164206580427303,33.895053928870944
63,38506856,47475490,158303192,4669020,64,8.247310142171163,10.168191611944263,33.90501475684405
64,38476820,47382460,158076872,4666252,65,8.245765552310505,10.154286566606347,33.87662560873266
65,38486520,47399290,158087704,4664670,66,8.250641524480832,10.161338315464974,33.89043683690379
66,38443960,47381880,158046070,4664500,67,8.2418179869225,10.157976203237217,33.88274627505628
67,38485794,47409950,158109836,4664154,68,8.251398645928072,10.164747990739585,33.89893129600781
68,38549326,47438940,158239054,4669336,69,8.255847512365785,10.159675808294798,33.88898421531455
69,38520394,47466410,158343404,4673078,70,8.243045376088308,10.157418729154532,33.88417740940768
70,38511318,47434380,158156774,4665172,71,8.255069266470775,10.167766590385092,33.90159548243881
71,38537718,47440450,158159124,4664812,72,8.26136573135209,10.169852504238113,33.90471555981249
72,38534780,47483400,158332906,4670530,73,8.250622520356362,10.166597795111047,33.90041515630988
73,38505938,47440690,158180564,4665574,74,8.253204857537357,10.168242964316931,33.90377346924516
74,38564902,47517280,158306714,4665592,75,8.265811069634893,10.184619658126985,33.93068103683305
75,38563022,47506810,158375734,4671616,76,8.25474996232567,10.169245503055045,33.90170210907746
76,38584218,47549500,158374206,4667656,77,8.266294259902615,10.187018923416806,33.930136668169204
77,38517530,47451860,158148354,4663102,78,8.26006593893936,10.17602874652967,33.914839092089345
78,38568650,47518490,158358596,4668606,79,8.26127756336688,10.178303759194929,33.91988872053028
79,38489378,47481050,158294194,4668240,80,8.244944133120834,10.171081606772574,33.90875233492708
80,38592306,47458660,158257240,4669110,81,8.265452302473062,10.164391072388527,33.89451951228393
81,38559994,47504700,158336396,4667192,82,8.26192580035276,10.178432770710954,33.92540868256545
82,38477956,47425400,158221092,4669628,83,8.240047387072375,10.156140917434964,33.88301851881992
83,38585852,47556220,158498910,4671452,84,8.259926892109776,10.180179524481895,33.92926011013278
84,38563210,47497350,158359152,4671486,85,8.255019922996665,10.167503445370489,33.89909591937127
85,38504628,47519350,158404618,4671832,86,8.241869142554783,10.171459504536978,33.906317264833156
86,38425416,47362070,158129370,4669106,87,8.229715924204761,10.14371273644248,33.867162150527314
87,38498684,47379820,158040182,4663504,88,8.255312743379227,10.159703947932714,33.88872015548824
88,38511974,47446580,158153806,4663316,89,8.258495456880897,10.174429526114036,33.91445186215131
89,38590324,47525120,158276648,4663080,90,8.27571562143476,10.19178740231778,33.94251181622447
90,38494910,47412160,158106924,4664008,91,8.253611486086644,10.165540024802702,33.89936809713877
91,38541236,47467340,158237708,4666514,92,8.259106476483302,10.171905623769693,33.90918960063122
92,38474810,47444900,158252382,4668888,93,8.240679579377359,10.161927208363105,33.895090651135774
93,38437808,47406530,158137948,4667422,94,8.23534019422285,10.15689817633803,33.88121922551679
94,38469988,47344730,157972224,4662402,95,8.251109192214656,10.15457912037615,33.882154305870664
95,38479220,47431850,158180634,4666710,96,8.245470577773206,10.1638734783177,33.89553539859987
96,38473468,47411350,158185788,4670256,97,8.237978389193227,10.151766841046829,33.87090300831475
97,38468510,47346390,157961732,4662260,98,8.251043485348308,10.15524445226135,33.880935855143214
98,38460122,47417050,158151478,4666668,99,8.24145235958504,10.160793525487565,33.88959274583065
99,38564662,47431680,158219820,4668298,100,8.260968344351625,10.1603796501423,33.8923993284062
100,38569484,47576020,158432062,4667264,101,8.263831658119189,10.193556653319803,33.94538256246058
101,38553206,47506190,158250632,4663566,102,8.266894046315631,10.186666169193273,33.933396032135065
102,38553124,47542010,158411390,4670796,103,8.254080032611144,10.178566993720128,33.915287672593706
103,38508674,47490760,158327608,4668892,104,8.247925632034324,10.17174096123877,33.91117378598605
104,38492262,47426760,158165434,4666682,105,8.248314755537232,10.162843750656247,33.8924816389889
105,38518188,47551350,158469032,4672262,106,8.244012857155699,10.17737233057564,33.91698325136733
106,38538972,47509120,158272438,4664892,107,8.261492870574495,10.184398695618247,33.9284249238782
107,38537026,47478300,158266478,4667344,108,8.256735736641653,10.172444970844232,33.90932358960471
108,38521430,47469270,158215388,4664846,109,8.25781386995412,10.175956505316574,33.91652972038091
109,38569388,47513310,158306500,4666328,110,8.265468694013794,10.182162505507543,33.92528343485499
110,38454546,47377660,157988548,4660764,111,8.250695808669995,10.165213256882348,33.89756443364221
111,38493248,47384820,158105454,4666608,112,8.24865684025742,10.154017650507607,33.88016606494482
112,38491838,47391490,158090168,4665282,113,8.250699100290186,10.158333408355594,33.88651918576412
113,38544090,47408250,158088330,4663854,114,8.264428946532203,10.165037327497815,33.89650061944478
114,38499264,47436310,158231736,4670018,115,8.243921972035226,10.157628942757823,33.882468118966564
115,38530620,47432900,158115636,4663770,116,8.261689577316206,10.170505835407836,33.90296605535865
116,38558558,47439570,158171748,4665944,117,8.263827855627929,10.167196605874395,33.89919553256533
117,38515308,47459420,158269884,4669154,118,8.248883630739101,10.164458058140726,33.896908090844725
118,38452230,47363770,158025468,4665192,119,8.242368159767057,10.15258750336535,33.87330424985724
119,38603504,47519860,158282302,4663822,120,8.277224988432234,10.189038089361043,33.9383239754862
120,38524524,47438340,158123178,4663684,121,8.26053480467373,10.171859842991077,33.9052084146353
121,38560964,47489040,158247568,4664794,122,8.26638089484766,10.18030806933811,33.92380628169218
122,38540806,47531850,158352006,4667746,123,8.256834455002478,10.183041236605419,33.924726409706096
123,38505284,47399450,158038814,4662366,124,8.25874330758246,10.166394058295724,33.896698371599314
124,38526456,47471830,158236810,4665600,125,8.25755658436214,10.1748606824417,33.91564000342935
125,38465668,47389740,158064670,4665364,126,8.244944660266594,10.157779757377988,33.88045820218958
126,38497962,47436910,158188188,4666858,127,8.249225067486519,10.164635392806037,33.89607911789902
127,38532128,47475560,158298316,4669590,128,8.251715461100439,10.166965408097926,33.89983189102255
128,38438356,47414110,158117120,4664826,129,8.240040678902064,10.164175469781723,33.895609396792075
129,38645174,47544500,158415450,4669372,130,8.276310818671119,10.18220437352175,33.926500180324034
130,38516974,47442160,158202466,4667972,131,8.251329271041044,10.16333431305929,33.89104861811511
131,38447446,47371590,157976642,4660058,132,8.250422205045517,10.165450730441552,33.90014501965426
132,38454716,47371080,158070244,4665194,133,8.242897508656661,10.154150073930474,33.88288761410565
133,38571290,47500700,158288400,4665632,134,8.267109364819172,10.180978696991104,33.92646483906146
134,38521944,47400940,158084190,4663140,135,8.26094520001544,10.165026141183837,33.900802892471596
135,38571872,47514720,158374604,4670666,136,8.25832375939534,10.173007446903718,33.90835568203764
136,38424680,47359410,158027040,4664516,137,8.23765638278441,10.153124139782134,33.878550314759345
137,38457944,47446370,158214966,4666648,138,8.241020964083857,10.167119954194103,33.903342613370455
138,38619604,47499080,158271424,4665864,139,8.277053081701482,10.180125267260255,33.92113957886471
139,38524646,47518090,158365994,4668544,140,8.251961639431908,10.178353251035013,33.92192383749623
140,38496498,47436940,158171090,4665538,141,8.25124519401621,10.167517658199333,33.90200444193145
141,38594966,47499580,158254444,4665346,142,8.27269102870398,10.181362754230875,33.92126628978858
142,38515808,47441330,158225914,4668090,143,8.25087091294298,10.162899601335878,33.895214959437375
143,38457570,47390650,158080106,4664690,144,8.244399949407141,10.159442535302453,33.888662697842726
144,38575250,47559040,158459410,4671884,145,8.256893792739717,10.179841794017147,33.917667904425706
145,38490784,47420690,158156498,4666364,146,8.24856012089927,10.162235522132436,33.89287633797964
146,38546164,47550580,158400976,4668714,147,8.25627014205625,10.18494172056802,33.928181507798506
147,38537108,47493800,158320402,4668952,148,8.253909656813777,10.17226135543908,33.90919461155308
148,38506582,47408070,158170908,4668502,149,8.248166542501213,10.154878374262237,33.88044130644048
149,38465806,47440630,158227060,4667596,150,8.24103157171272,10.163825232517981,33.89904781819163
150,38582620,47473500,158252966,4667350,151,8.266493834831328,10.171403473062872,33.906384993625934
151,38464068,47399820,158132646,4667068,152,8.241591508844525,10.156230849861197,33.8826530918341
152,38370474,47297950,157931450,4664952,153,8.225266626537636,10.139000358417407,33.85489282633562
153,38537114,47511110,158266070,4663634,154,8.26332297946194,10.187572609685922,33.93621154661794
154,38513888,47450370,158175988,4664958,155,8.255998875016667,10.171660709485487,33.90726947595241
155,38526132,47521270,158386158,4669686,156,8.25026179490441,10.17654506105978,33.91794608888049
156,38534442,47455750,158144658,4663436,157,8.26310085524922,10.176134077963116,33.91161752836321
157,38528050,47454040,158235552,4667756,158,8.254083975254918,10.166349740646256,33.89970512597488
158,38551088,47458610,158111582,4660992,159,8.271004970615698,10.1820835564618,33.92230280592629
159,38543036,47479400,158233178,4665074,160,8.26204171680878,10.177630622793979,33.91868553424876
160,38471524,47478200,158297944,4669446,161,8.238991092305168,10.167844322431398,33.90079765351179
161,38531064,47412190,158151178,4667622,162,8.2549666618248,10.15767557869939,33.882601890213046
162,38432150,47434780,158305186,4672954,163,8.224380124435207,10.15091952542225,33.87689799642796
163,38526480,47497300,158328088,4668912,164,8.251704037257502,10.173098143636034,33.91113132995439
164,38491838,47458960,158248358,4668436,165,8.245124919780414,10.165922805839044,33.897510429617114
165,38509476,47451280,158283262,4670650,166,8.24499288107651,10.159459604123622,33.888915247342446
166,38563174,47562470,158406388,4667396,167,8.262246014694275,10.190365248631142,33.9389218313595
167,38487250,47443190,158226328,4667888,168,8.245109994070123,10.163737861748183,33.896770445220625
168,38486080,47406910,158145160,4667142,169,8.246177210806957,10.157588948439965,33.884797162803274
169,38539384,47423900,158106362,4663672,170,8.26374239011663,10.168789743361025,33.90168991301275
170,38391414,47279080,157866300,4662998,171,8.233204045980719,10.13920229002886,33.85510780832417
171,38522220,47447060,158226210,4667018,172,8.254140009744981,10.16646175352227,33.9030640121808
172,38544554,47529330,158349394,4668514,173,8.256278978707144,10.180826275769977,33.91858608542247
173,38463888,47405680,158131354,4665964,174,8.243502950301375,10.159889789119676,33.8903930677562
174,38636758,47544500,158406880,4668788,175,8.275543460101423,10.183478024703627,33.92890831624824
175,38412444,47387420,158061358,4665348,176,8.233564570102809,10.15731731052003,33.8798644817064
176,38445204,47417420,158106568,4663168,177,8.244438973676266,10.168499183387775,33.90539821855013
177,38494732,47434560,158185752,4666566,178,8.249049086630297,10.164767839991978,33.89767807848426
178,38404826,47337420,157978326,4664298,179,8.23378480534477,10.148884140764592,33.869689715365524
179,38465524,47425850,158197226,4668494,180,8.239385977576495,10.158704284508023,33.88613672846104
180,38579076,47530940,158333906,4666724,181,8.266843293068113,10.185076297634058,33.92827730973591
181,38509614,47399890,158145418,4667546,182,8.250505511889974,10.155205754801345,33.88191953544754
182,38575066,47447900,158187926,4664890,183,8.269233786863142,10.171279494264603,33.910322858631176
183,38514828,47409730,158050506,4661278,184,8.262718507671073,10.170972424300803,33.90711860566995
184,38505692,47388850,158053312,4663066,185,8.257591035597608,10.162594739169466,33.894719053944335
185,38484040,47419690,158100580,4662678,186,8.253634499315629,10.17005463383918,33.90767709029017
186,38505002,47407270,158115276,4665312,187,8.253467720915557,10.161650496258343,33.891683128588184
187,38498136,47347750,157969640,4663574,188,8.255071325125323,10.152674751167238,33.87308532040019
188,38565898,47462620,158273530,4668872,189,8.260217457235923,10.165757382082868,33.899736381721326
189,38596172,47472090,158219704,4665276,190,8.273073661665462,10.1756230499546,33.91432875568348
190,38428238,47414590,158175184,4667698,191,8.232802979113044,10.158024362330211,33.88719321601355
191,38436772,47388360,158148500,4668750,192,8.23277579651941,10.150117269076306,33.87384203480589
192,38426992,47338090,158025148,4666862,193,8.234010776406073,10.143451852658167,33.86111438478361
193,38441516,47410670,158119546,4664816,194,8.24073575463641,10.163459823495717,33.8962021224417
194,38492486,47409360,158159884,4667110,195,8.247606334541075,10.158183543991893,33.88818433677372
195,38476644,47376720,158041444,4662978,196,8.251517377950314,10.160185186376603,33.89281356249161
196,38555884,47506650,158266560,4665576,197,8.263906535870383,10.182376195350798,33.922190957772415
197,38533988,47436540,158156318,4664486,198,8.261143457178347,10.169725024364956,33.90648358683036
198,38472500,47449200,158181010,4666376,199,8.244620664944273,10.16831905530116,33.898042078049436
199,38490228,47384940,158145468,4668730,200,8.244260858948794,10.14942821709544,33.873337717109365
200,38494368,47431020,158235058,4669312,201,8.244119904602648,10.158031847090106,33.88830260218208
201,38571110,47536390,158391408,4668278,202,8.262384973645528,10.18285329194191,33.92930069717356
202,38526436,47411490,158189984,4668762,203,8.251959727225334,10.155045384622305,33.88264040874219
203,38452314,47418460,158119796,4664078,204,8.24435483283084,10.166738206350752,33.9016191410178
204,38568768,47496030,158301936,4667866,205,8.262612508585294,10.1751057121177,33.91312775473846
205,38511298,47436250,158155622,4664510,206,8.256236560753434,10.169610527150763,33.90615991819077
206,38385934,47282350,157887542,4664240,207,8.229836800850729,10.137203488671252,33.85064705075211
207,38471594,47398340,158097370,4665202,208,8.246501223312517,10.159975923872107,33.88864405013974
208,38515416,47478790,158326006,4670548,209,8.246444742672594,10.165571577467997,33.89880716352771
209,38531646,47480290,158279390,4667538,210,8.255239914490252,10.172448515684286,33.91068053436308
210,38515108,47464730,158236888,4667220,211,8.252258946439207,10.169807722798582,33.903884539404615
211,38554930,47431890,158216880,4668174,212,8.25910302400896,10.1606945242401,33.89266981050835
212,38484666,47405630,158106610,4665722,213,8.24838385141678,10.160406042194541,33.88684752327721
213,38528956,47399150,158037668,4661462,214,8.26542316552189,10.168301275436763,33.90302613214481
214,38473248,47382600,158110994,4666052,215,8.245353459412797,10.154751811595755,33.885390475716946
215,38519298,47386120,158121650,4668198,216,8.251427638673423,10.150837646560836,33.8720958279833
216,38491340,47421310,158088760,4662780,217,8.255019537700685,10.170179592431982,33.90440037917294
217,38516978,47475820,158152182,4660756,218,8.26410522241456,10.186291665987234,33.93273151394323
218,38538926,47466730,158271310,4669156,219,8.25393839914537,10.166019297706052,33.89719897985846
219,38500670,47510790,158330356,4668402,220,8.247076836999042,10.177099144418154,33.9153217739175
220,38453504,47436290,158235758,4669268,221,8.235445898586246,10.159256226029433,33.88877185888666
221,38483396,47420940,158175972,4667042,222,8.245778803790495,10.160812780343523,33.8921252476408
222,38465178,47417420,158130904,4664688,223,8.246034461468806,10.165185753045005,33.899567130749155
223,38554636,47492560,158285960,4667770,224,8.25975487224092,10.174571583432774,33.91040261195389
224,38517870,47451870,158169298,4664594,225,8.257496793933191,10.172776022950766,33.90848120972586
225,38570186,47428980,158143160,4665346,226,8.267379525548588,10.166229900204614,33.897412967869904
226,38510058,47412270,158149536,4667952,227,8.24988303221627,10.156974621847011,33.879854805704944
227,38384684,47349720,158009664,4664104,228,8.229808769272726,10.151943438654026,33.87781747576812
228,38566566,47468810,158232972,4665938,229,8.265554750191708,10.173476372810784,33.9123606014482
229,38502410,47484220,158327150,4670192,230,8.24428845751952,10.1675091730704,33.90163616399497
230,38385376,47314470,157962724,4664920,231,8.22851753084726,10.142611234490623,33.86182914176449
231,38484604,47441610,158223472,4667904,232,8.244514882911046,10.163364542201382,33.896042420752444
232,38544368,47478520,158302606,4668988,233,8.255400956267183,10.168910264922506,33.90512162378657
233,38544506,47472760,158284170,4668676,234,8.255982209945604,10.168356082109788,33.90343857659002
234,38498388,47423640,158096966,4662158,235,8.257632624205357,10.172036211556966,33.91068385069747
235,38549512,47530540,158320972,4664828,236,8.263865677362595,10.189130231596964,33.93929465352206
236,38502622,47437290,158190572,4666226,237,8.251341019487697,10.166093541118668,33.901180954372975
237,38522850,47418150,158139908,4666338,238,8.25547785008287,10.16174782023934,33.889509932628116
238,38535432,47456650,158271324,4669580,239,8.25244069059744,10.162937566119437,33.89412409681385
239,38473552,47395030,158106598,4665898,240,8.245690754491418,10.157750983840623,33.88556672263303
240,38555894,47499160,158333954,4668946,241,8.257943869986931,10.17342243838331,33.912140770101004
241,38509050,47526760,158384876,4669154,242,8.24754334511134,10.178880371047946,33.92153610696927
242,38545424,47476940,158229810,4665574,243,8.261668124865237,10.17601264067401,33.91432865495221
243,38488656,47445650,158127886,4663190,244,8.253718162888495,10.17450500622964,33.90980980830719
244,38579456,47482960,158290636,4668208,245,8.264296706573486,10.171560478881831,33.9082225984789
245,38503670,47386590,158085448,4665034,246,8.253674035387524,10.157823072672139,33.88730885991399
246,38445628,47372290,158090640,4668242,247,8.235568764429951,10.147779399611245,33.865133812685805
247,38492960,47405920,158106422,4665792,248,8.250037721355774,10.160315762039971,33.88629883200966
248,38591264,47590910,158492526,4670538,249,8.26270206986861,10.189599142539896,33.934533023818666
249,38534556,47466170,158237056,4668450,250,8.254250554252483,10.167436729535499,33.89498784393107
250,38506608,47447050,158239964,4668254,251,8.248610294127097,10.163767866958397,33.89703388033299
251,38509762,47399860,158005772,4660412,252,8.263166861642276,10.170744560781321,33.903820520589164
252,38502410,47459830,158193620,4664838,253,8.253750719746323,10.173950306527258,33.91192148580508
253,38534818,47437960,158188856,4666490,254,8.257773615715452,10.165661985775175,33.898895315322655
254,38466622,47416080,158171712,4667138,255,8.242015127900654,10.159562455620554,33.890515343664575
255,38605988,47511250,158293962,4665840,256,8.274177425715413,10.182785950654116,33.92614448845224
256,38502078,47411020,158174530,4668368,257,8.247438505276362,10.155801770554506,33.882189664568
257,38538496,47459200,158282650,4669952,258,8.25243942550159,10.162674048898147,33.893849444276945
258,38460878,47371010,158024788,4664106,259,8.246141489923257,10.156503732976908,33.88104558515608
259,38472494,47461990,158200868,4664484,260,8.247963547522083,10.175185508193403,33.91604902064194
260,38458288,47411870,158167058,4668764,261,8.237359609524063,10.155122426406646,33.87771538677046
261,38476760,47416890,158080906,4661084,262,8.254895213216496,10.172931875932722,33.91505194928905
262,38595460,47493400,158317164,4668338,263,8.267494770087342,10.173513571639415,33.91296088672242
263,38597416,47547740,158358056,4666374,264,8.271393591683822,10.189440452051207,33.93599741469501
264,38461778,47414390,158105038,4663478,265,8.247444932730465,10.167173512987517,33.90281631005872
265,38446078,47374850,158000890,4661666,266,8.247282838367228,10.162643569916849,33.893653041637904
266,38486428,47463830,158239254,4666548,267,8.247301431379254,10.17107935030348,33.90927383582039
267,38458912,47474590,158273546,4668720,268,8.237570897376584,10.168652221593927,33.900843486009016
268,38505682,47453420,158241830,4667336,269,8.25003428079744,10.1671317428186,33.904100754691754
269,38537218,47490580,158313106,4668360,270,8.254979907290783,10.172861561661911,33.91193181331345
270,38510688,47412040,158034682,4660682,271,8.262886847890503,10.172768706382456,33.90805937843432
271,38555934,47451680,158233586,4667584,272,8.260362105963171,10.16621875471336,33.90053312377453
272,38459304,47385830,158068808,4664016,273,8.245963135632469,10.159877238843091,33.89113759472523
273,38468788,47447420,158168700,4664542,274,8.247066485841483,10.171935422598832,33.9087310179649
274,38479880,47430490,158166180,4666334,275,8.246276413132879,10.164401005157368,33.895169098482874
275,38511050,47488710,158313878,4669072,276,8.248116542216525,10.170909765366652,33.90692583022922
276,38481022,47460570,158136158,4662216,277,8.253805057509133,10.179830792910495,33.91866828992908
277,38516700,47489540,158320456,4668498,278,8.250340901934626,10.172338083897648,33.91250376459409
278,38499584,47363990,158023548,4664788,279,8.253233373092197,10.153513943184556,33.87582629692925
279,38508120,47421970,158157174,4665230,280,8.254281139407917,10.164980076009114,33.90125974496434
280,38456938,47488370,158254180,4666282,281,8.241451759666475,10.17691815453931,33.91440551599753
281,38558510,47516270,158292430,4665984,282,8.263746725235235,10.183547564672319,33.92476913765671
282,38476288,47420160,158155048,4665998,283,8.246100405529535,10.162919058259348,33.895224129971766
283,38502564,47468120,158245664,4668166,284,8.247899496290406,10.168473014884217,33.89889391251297
284,38554086,47442800,158251170,4669132,285,8.257227681719,10.160946402886019,33.89305978070442
285,38502430,47452380,158243832,4668480,286,8.247316042909041,10.16441754061279,33.89622146822949
286,38520894,47427510,158136034,4664348,287,8.258580620485436,10.168089945261373,33.903138016288665
287,38473794,47362320,157993416,4662276,288,8.252148521451755,10.158626387626988,33.8876154050082
288,38520436,47491580,158287518,4667312,289,8.25323783796755,10.175360035926461,33.914064026574614
289,38482822,47375940,158124708,4667448,290,8.244938561715095,10.150287694688831,33.878193822405734
290,38487902,47413750,158053138,4661674,291,8.256240569374864,10.170970771443907,33.90480286695294
291,38566634,47533620,158299588,4664934,292,8.26734826259064,10.18955895195945,33.93393947266993
292,38508780,47407070,158092602,4663784,293,8.256981884238206,10.164936883869407,33.89792537561774
293,38521704,47412350,158103912,4664970,294,8.257653103878482,10.163484438270771,33.891731779625594
294,38561230,47449060,158276838,4670662,295,8.25605235403461,10.15895819479123,33.887452785065584
295,38555368,47510000,158313378,4666366,296,8.262396905857791,10.18137025685512,33.92648112042647
296,38496242,47407590,158158530,4667184,297,8.248280333494458,10.157643238406713,33.8873569158619
297,38522422,47405530,158053052,4661216,298,8.264457600763405,10.170206658520009,33.9081158221374
298,38470872,47410560,158129144,4665492,299,8.245833879899484,10.161963625701212,33.893348011313705
299,38441234,47315950,157903686,4661546,300,8.246456004081049,10.15026988900249,33.87367324059443
300,38476792,47434940,158171202,4665654,301,8.246816416305196,10.16683620345615,33.901185557265926
301,38505210,47408260,158073764,4663542,302,8.256644842053529,10.165719532492684,33.89564498400572
302,38524902,47428940,158261852,4671536,303,8.246731267831395,10.152750615643335,33.87790482616424
303,38553664,47481350,158261208,4666392,304,8.261985705444378,10.175173881662749,33.91511214660063
304,38528374,47439230,158167436,4664958,305,8.25910415484984,10.1692726922729,33.905436233295134
305,38513268,47452110,158196156,4666490,306,8.253155583747098,10.16869424342493,33.90045966025857
306,38433890,47422840,158143934,4665440,307,8.237998988305497,10.164709009225282,33.89689589835042
307,38565530,47520390,158359464,4667712,308,8.26219141198086,10.180660246390524,33.9265713051705
308,38427124,47393010,158179622,4670814,309,8.22707219769402,10.146627547147029,33.865536499633684
309,38541996,47442070,158155666,4664798,310,8.262307606888873,10.170230307936164,33.9040760178683
310,38416854,47327490,157956726,4663766,311,8.237303072238188,10.147912652564473,33.86892181125725
311,38500764,47421110,158193056,4669400,312,8.245334304193259,10.155718079410631,33.87866877971474
312,38516508,47515040,158381922,4670286,313,8.24714118150366,10.173903696690095,33.912681578815516
313,38584546,47486260,158308176,4668636,314,8.264629326424249,10.17133483955485,33.908871027854815
314,38507874,47473630,158219592,4665444,315,8.253849794360407,10.175586718005832,33.91308351359485
315,38481170,47404670,158046824,4662162,316,8.25393240303533,10.167958556566674,33.899899660286366
316,38445264,47375330,158007920,4662094,317,8.24635110317381,10.161813554166862,33.892049366657986
317,38505542,47449760,158226268,4667230,318,8.250191655435879,10.166578463028392,33.901536457384786
318,38524276,47434600,158154108,4665604,319,8.257082255587916,10.166872284917451,33.89788503267744
319,38552980,47497010,158334138,4670428,320,8.25469956929001,10.169733908755257,33.90141931317644
320,38558216,47520700,158310316,4667292,321,8.261367833853122,10.181642802721578,33.91909398426325
321,38431130,47369530,158085796,4666148,322,8.236157532937233,10.151741865024427,33.87929315572502
322,38487606,47408880,158186080,4668730,323,8.24369925011727,10.154555949905006,33.882036442458656
323,38524264,47498260,158251966,4665454,324,8.257345158691951,10.180844136497756,33.91994991269874
324,38529672,47482430,158304044,4668844,325,8.252507901313473,10.170061368510064,33.906475350215175
325,38533010,47451880,158288854,4670516,326,8.250268278708392,10.15987955078197,33.89108483944815
326,38550974,47358740,157999756,4663970,327,8.265699393435206,10.15416908770854,33.87666644511007
327,38523930,47463080,158272560,4669216,328,8.250620660941793,10.165106947290509,33.8970311075778
328,38482622,47441230,158225492,4668238,329,8.243500438495209,10.162555979365234,33.89404996060612
329,38554108,47523340,158288356,4665868,330,8.263008726350595,10.18531600122421,33.9247394054011
330,38524886,47439320,158189812,4666622,331,8.255411730369419,10.16566587137334,33.89814131078112
331,38543400,47510810,158364342,4669960,332,8.253475404500252,10.173708125979665,33.911284464963295
332,38529796,47459060,158169648,4663560,333,8.261884911955674,10.176573261628455,33.91607441525358
333,38456742,47425420,158136358,4665454,334,8.242872397841667,10.165231508016154,33.89517033069022
334,38482498,47456440,158188996,4664764,335,8.249613056523332,10.173384977246437,33.91146819003062
335,38524754,47426190,158177166,4667404,336,8.254000296524577,10.161149538372937,33.88975241911778
336,38572302,47482830,158260828,4666890,337,8.26509774175093,10.174405224892809,33.91141166815588
337,38451846,47403780,158097454,4664372,338,8.243734847906643,10.162950124904274,33.89469236158694
338,38523274,47485660,158277094,4666982,339,8.254429522119434,10.174811044910822,33.91422850998782
339,38504450,47417190,158148908,4666076,340,8.251998038608887,10.162112661688322,33.89334164295652
340,38558244,47552580,158365788,4665954,341,8.263742848729327,10.191394943027728,33.94070923116687
341,38556690,47524980,158339898,4667324,342,8.260984238505833,10.18249000926441,33.92519953617962
342,38529876,47471950,158220738,4664948,343,8.259443835172439,10.176308503331656,33.916934979768264
343,38518818,47476960,158263036,4667186,344,8.253113974887652,10.172502231537376,33.90973404531125
344,38426368,47298120,157853900,4660818,345,8.244554496657024,10.148029809359645,33.86828234872076
345,38537494,47503270,158313634,4666840,346,8.257727712970661,10.178894069648841,33.92309014236614
346,38466486,47447500,158244446,4669442,347,8.23791922032654,10.161278371162979,33.88936965059208
347,38408966,47322650,158008070,4666582,348,8.23064204164847,10.140751839354799,33.859486450682745
348,38471582,47408720,158101250,4664414,349,8.247891803772134,10.16391769684252,33.89520098344615
349,38553694,47460340,158253260,4668050,350,8.259057636486327,10.16705905035293,33.90136352438385
350,38562348,47502270,158317070,4667232,351,8.262359359894687,10.177824886356625,33.92097714448307
351,38543054,47536480,158515010,4674778,352,8.244895051700851,10.168713894007373,33.90856421417231
352,38515332,47440290,158217628,4668074,353,8.250797223865774,10.162711645102455,33.89355610043885
353,38397434,47392280,158149670,4667860,354,8.225918086660696,10.152892331818007,33.88055125903519
354,38518464,47441110,158189198,4666532,355,8.254194763906044,10.166245511656193,33.89866350428969
355,38524786,47456280,158237054,4668730,356,8.251662871915917,10.164708603838731,33.89295461506662
356,38549344,47521630,158426038,4672098,357,8.25097076302766,10.17136840879622,33.90897151558037
357,38503768,47449510,158192724,4666920,358,8.250359551910039,10.167200209131504,33.896600755958964
358,38435634,47418630,158095420,4663912,359,8.24107187271115,10.167136515440257,33.897599268596835
359,38524590,47466230,158248730,4668044,360,8.252833520849418,10.168333888883652,33.900436671119635
360,38467324,47431700,158201546,4667962,361,8.240710614182378,10.161115279001843,33.89092413348695
361,38474334,47377080,158029412,4664206,362,8.248849643433417,10.157587379288136,33.88131055961079
362,38499620,47426640,158204106,4668436,363,8.246791859200812,10.158999716393241,33.88803145207517
363,38494150,47450140,158259936,4668808,364,8.244963168329047,10.163223675079378,33.897289415199765
364,38441976,47396420,158046578,4663512,365,8.243138647439956,10.163246068628107,33.890033519802245
365,38604332,47598400,158501276,4670070,366,8.26632834197346,10.192224099424633,33.93980732622852
366,38482338,47422840,158169620,4666904,367,8.2457959280928,10.161520356964703,33.89176636159647
367,38480340,47345790,157975280,4662638,368,8.252911763683992,10.154292484211727,33.88109477939312
368,38441624,47367350,158040810,4664316,369,8.241642290102128,10.15526177900468,33.88295518571212
369,38514356,47526380,158421034,4670212,370,8.24681106553621,10.176493058559226,33.921593709236326
370,38536144,47499230,158333868,4669508,371,8.252720415084415,10.172213004025263,33.90804084712993
371,38421112,47390350,158115784,4667636,372,8.231385652180247,10.152966083902001,33.874917410012266
372,38552644,47455210,158208170,4664932,373,8.264352835153867,10.172754929761034,33.914357165334884
373,38563070,47469610,158234374,4666618,374,8.263601177555138,10.172165366867397,33.90771946621729
374,38495130,47438030,158180540,4665596,375,8.250849409164445,10.167624886509676,33.903608456454435
375,38512110,47531160,158363528,4667206,376,8.25164134602158,10.184071583726967,33.931120246245825
376,38537914,47481400,158281944,4668980,377,8.254032786604355,10.169544525785074,33.90075434034843
377,38563258,47449760,158163544,4664138,378,8.268035379742194,10.173318199418627,33.910562680606795
378,38546260,47440930,158121326,4662906,379,8.266574535279073,10.174112452620747,33.91046827879438
379,38621132,47620630,158515590,4668582,380,8.272561561519108,10.200234246715597,33.953690863735495
380,38520282,47511960,158332768,4668126,381,8.25176569784106,10.177951494882528,33.917843691451345
381,38603852,47572300,158444994,4669564,382,8.267121298690842,10.187739155090282,33.93143214227281
382,38563558,47496920,158332966,4669184,383,8.259164342206262,10.172424132353747,33.910200583228246
383,38619506,47505760,158271580,4664264,384,8.279871379493098,10.185049559801932,33.93280912058151
384,38626060,47545470,158365474,4666242,385,8.27776613386104,10.189242221042115,33.93854712207382
385,38483904,47371650,158066026,4666050,386,8.247640723952808,10.15240942553123,33.87576772644957
386,38439670,47315390,157930504,4663492,387,8.242679519982023,10.145914263388894,33.8652889294117
387,38442508,47363810,158149160,4670416,388,8.231067211143504,10.141240095100736,33.861900096265515
388,38507964,47440590,158162208,4664882,389,8.25486346707162,10.169729909566845,33.9048679044829
389,38552628,47505390,158315044,4667006,390,8.260676759361354,10.178986270855448,33.92218565821428
390,38509170,47446230,158191478,4666998,391,8.251379152080203,10.166327476463456,33.895767257667565
391,38561584,47506130,158323876,4666898,392,8.262786973274325,10.179380393571918,33.924863153212264
392,38515832,47410070,158073452,4663354,393,8.259255462913602,10.166517489343507,33.89694455964527
393,38573108,47524710,158441412,4673106,394,8.254276277918798,10.169833511159387,33.904947159341134
394,38416836,47405060,158112940,4664854,395,8.235377998968456,10.162174421750391,33.89450988176693
395,38500254,47469270,158219512,4666562,396,8.250239469656677,10.172214576812651,33.9049415822612
396,38466924,47407170,158144182,4666840,397,8.242606131772249,10.158301977355126,33.886780348158496
397,38479714,47389800,158105676,4667184,398,8.24473901178955,10.153831518105992,33.87603231413203
398,38508552,47446040,158188518,4666160,399,8.252728581960326,10.16811253793269,33.90122027534418
399,38474026,47385270,158150196,4668444,400,8.241295386642744,10.150120682608595,33.87642563560792
400,38447454,47330010,157986320,4664760,401,8.242107632547013,10.14629048439791,33.868048945712104
401,38524398,47451090,158160464,4663838,402,8.26023502531606,10.174257767958492,33.9120835672251
402,38557204,47431940,158148634,4664108,403,8.266790563168778,10.16956296895355,33.907584043937234
403,38516250,47452920,158255584,4668894,404,8.249544752997176,10.163631900831332,33.8957329080506
404,38574910,47551980,158474714,4672620,405,8.255520457473537,10.176727403469574,33.91560066943171
405,38465078,47405560,158166892,4668128,406,8.239936437047142,10.155154271690922,33.88229542977399
406,38383806,47386780,158190678,4671442,407,8.216693260881758,10.143929861486026,33.863350545720145
407,38515922,47396710,158186828,4671022,408,8.245716247964578,10.146967837017252,33.865571174787874
408,38559716,47511360,158329682,4668392,409,8.259742540900593,10.177243042143848,33.91525004755385
409,38541424,47397320,158051214,4661410,410,8.268190096987821,10.16802212206178,33.90631032241318
410,38544344,47447640,158184356,4665592,411,8.261404769212568,10.16969336367175,33.90445542602097
411,38547658,47541470,158388818,4669026,412,8.256038411437418,10.182309972144083,33.92331034352775
412,38535752,47463390,158180854,4663818,413,8.262704934026157,10.176938722737466,33.91660094797867
413,38548870,47485360,158283176,4668756,414,8.256775466526843,10.170880637154736,33.90264473020222
414,38628028,47566390,158309540,4661778,415,8.286114868618798,10.20348673832173,33.95904738492481
415,38495126,47388150,158028004,4661754,416,8.257648515987759,10.165304732939576,33.89882949636553
416,38511740,47454410,158278524,4670556,417,8.245643559353534,10.160334230014586,33.8885828582293
417,38443942,47395280,158168664,4668966,418,8.233930596196245,10.151129821892042,33.87659366120893
418,38591532,47487830,158296816,4668004,419,8.267244843834753,10.173048266453927,33.91102835387459
419,38491022,47419760,158087480,4662490,420,8.25546478383868,10.170479722208519,33.906234651441615
420,38572048,47536890,158396692,4669174,421,8.26100033967464,10.181006319319005,33.92392144734807
421,38482132,47384610,158121940,4668280,422,8.243321308918917,10.150335883880144,33.87156297394329
422,38491578,47444850,158245694,4669518,423,8.24315871573897,10.160545478141428,33.889085340285654
423,38605284,47457280,158201718,4666122,424,8.273526495878162,10.170604197661355,33.90432526196272
424,38532856,47490670,158332838,4668772,425,8.25331714635026,10.171983125327174,33.91316560328926
425,38510758,47448420,158202566,4667604,426,8.250648084113392,10.165476762810213,33.89374205695256
426,38556174,47486310,158344996,4671244,427,8.253941348385997,10.165666790259726,33.89782165093496
427,38534522,47457670,158191158,4664680,428,8.260914360684977,10.173831859848907,33.91254233945308
428,38524390,47501140,158305554,4668202,429,8.25251135233651,10.175467985318544,33.911461843339254
429,38420754,47334660,157999240,4665684,430,8.234752717929462,10.145277734197172,33.86411081419145
430,38534042,47533420,158405784,4670306,431,8.250860222006866,10.177795630521855,33.91764565319703
431,38500532,47449560,158141660,4663990,432,8.254848745387532,10.173598142363083,33.906946627244054
432,38489270,47414030,158187646,4668480,433,8.24449713825485,10.15620287545411,33.88418628761396
433,38540980,47494830,158305096,4668294,434,8.255902477436083,10.173915781653855,33.910695427494495
434,38504912,47427380,158152670,4665094,435,8.25383411352483,10.16643608896198,33.90128258937548
435,38550948,47488660,158280382,4667058,436,8.260224749724559,10.175288157978752,33.914380751214146
436,38464216,47423400,158190440,4668200,437,8.239624694743156,10.15881924510518,33.88681718863802
437,38505172,47457190,158262420,4668722,438,8.247475861702624,10.164920935536534,33.898445870197456
438,38478778,47426630,158153500,4665824,439,8.246941590595787,10.16468473735829,33.89615639166844
439,38447200,47351470,157996156,4663066,440,8.245047357253789,10.154578554110106,33.882461882375246
440,38399296,47302920,157917250,4663178,441,8.234576505550507,10.143923307238111,33.864727016639726
441,38469402,47413850,158116718,4664850,442,8.246653590147593,10.164067440539354,33.89534883222397
442,38454990,47301140,157886258,4662574,443,8.247588134794215,10.144855609798364,33.86246695494806
443,38536598,47434770,158141852,4665252,444,8.260346493608491,10.167675829730099,33.89781559495607
444,38453770,47395680,158075922,4664216,445,8.244423071315737,10.161553410047905,33.891209583775705
445,38548656,47456640,158227038,4667126,446,8.259613303776243,10.1682791508093,33.90245688674358
446,38486750,47457340,158228520,4667966,447,8.244865108271997,10.166599328272742,33.896673626157515
447,38544644,47526330,158354842,4667536,448,8.25802821874325,10.182316751279476,33.926860339159674
448,38444736,47430180,158200934,4667724,449,8.236291605930427,10.16130773798965,33.892521065941345
449,38513910,47424410,158188458,4666366,450,8.25351247630383,10.163028360827248,33.89971082422596
450,38554992,47473940,158202072,4664508,451,8.265607433838682,10.177695053797743,33.91613263392409
451,38460364,47375910,158028492,4663138,452,8.247743043418401,10.159662870796447,33.88887311505685
452,38507950,47452480,158174592,4664816,453,8.254977259553216,10.172422663616315,33.908002373512694
453,38541998,47457650,158254976,4668506,454,8.255745628258804,10.16548977338789,33.89841975141512
454,38444346,47386200,158101422,4666566,455,8.238251853718559,10.154404759302665,33.879606974379016
455,38483266,47418920,158121406,4663722,456,8.251620915654922,10.167612906601208,33.90455220101027
456,38574686,47527770,158437956,4671936,457,8.256681170290005,10.17303533267579,33.91269829038754
457,38485122,47343680,157934658,4660886,458,8.257039970512045,10.157656720202983,33.88511497599384
458,38504012,47373610,158071292,4666006,459,8.252027965673426,10.15292522127061,33.8772157601169
459,38427696,47392380,158085562,4665070,460,8.237324627497552,10.158985824435646,33.88707179099135
460,38404816,47398760,158142558,4667336,461,8.228423237581353,10.155420565393193,33.882831233920164
461,38386510,47301390,157902674,4663136,462,8.231908741241945,10.143686566293585,33.86190623648978
462,38477340,47411120,158032810,4659262,463,8.258247765418643,10.175671597776644,33.917991733454784
463,38431904,47428300,158117324,4664240,464,8.23969264017289,10.168494760132411,33.899911668353255
464,38551290,47487060,158297298,4667506,465,8.259505183282036,10.173968710484786,33.914749761435765
465,38553098,47430680,158202378,4668352,466,8.258395682245041,10.160047914124728,33.88827106439275
466,38503026,47426920,158090798,4661326,467,8.260101524759264,10.174555480564972,33.91541333946606
467,38486522,47443900,158229732,4668678,468,8.24355888326417,10.162170104684881,33.8917637926625
468,38540044,47418840,158148866,4665966,469,8.259821010268828,10.162705857693776,33.894131676055935
469,38457698,47365950,158122112,4669308,470,8.236273554882223,10.144104865217715,33.864142609568695
470,38437590,47437600,158196848,4667030,471,8.235985198295275,10.164408628185377,33.89668547234537
471,38540420,47514110,158384060,4671152,472,8.250731297118998,10.171818429372454,33.90685209986744
472,38500828,47414830,158171030,4667354,473,8.248962474241294,10.158824464568147,33.888800806624054
473,38509622,47458780,158157844,4663090,474,8.258391324207768,10.177538928049856,33.91696149977805
474,38489746,47430480,158111050,4662594,475,8.255006976803042,10.172552017181852,33.910533492729584
475,38527364,47429390,158157016,4665148,476,8.258551282831755,10.166749264975088,33.90182176428272
476,38508770,47465130,158223170,4666078,477,8.25292033266482,10.172382459101627,33.909242408720985
477,38528790,47460720,158279652,4670738,478,8.248972646292728,10.16128928661809,33.88750385913318
478,38616200,47602340,158485808,4667706,479,8.27305747191447,10.19823013703091,33.95368260126066
479,38504574,47455530,158162680,4664470,480,8.254865826128157,10.1738311105013,33.907963820112464
480,38476024,47405930,158143124,4667424,481,8.243524479455905,10.156765273521327,33.88231367023866
481,38515528,47494630,158325564,4669740,482,8.247895600183307,10.170722566995165,33.904577985069835
482,38628152,47536070,158308144,4664868,483,8.280652743014379,10.190228319429403,33.936253716075136
483,38447570,47425250,158187042,4667468,484,8.237350529237693,10.160808815400555,33.89140364754509
484,38448874,47324720,158018946,4666992,485,8.23847008951376,10.140304504485973,33.8588422692818
485,38488764,47417030,158134040,4665690,486,8.24931875028131,10.162919096639511,33.89295902642482
486,38557248,47482140,158264200,4666870,487,8.261907445461304,10.174300976886007,33.91227953639163
487,38435398,47398100,158091084,4664586,488,8.239830501570772,10.161266187395837,33.891771745659746
488,38507222,47451900,158215230,4665840,489,8.253009533117295,10.170065840234555,33.909270356463146
489,38448404,47384640,158069128,4664644,490,8.242516256331673,10.158254306223583,33.88664343945647
490,38524052,47472440,158331526,4671196,491,8.247149552277405,10.162801989040922,33.89528634636611
491,38484438,47360880,158081290,4666838,492,8.246362526404388,10.14838740920512,33.873318508163344
492,38566568,47534900,158325876,4665044,493,8.267139173821297,10.189593067075037,33.93877442527873
493,38452784,47394430,158011632,4660654,494,8.250512481724668,10.169051382059257,33.903317431416276
494,38443268,47421990,158174546,4666716,495,8.237756058007387,10.161747575811342,33.89418726144895
495,38515568,47429970,158142552,4664408,496,8.257332548953693,10.168486547488985,33.90409929834611
496,38514438,47483650,158291590,4667978,497,8.250775389258475,10.172209466282832,33.91009769112022
497,38553986,47543370,158351966,4666858,498,8.261229718152984,10.1874473146601,33.93117296476559
498,38583312,47484080,158301772,4668244,499,8.265058981492826,10.171721957978203,33.91034658856735
499,38462788,47348860,157926492,4660548,500,8.2528466609506,10.159504847927755,33.885820294094174
500,38468974,47476650,158222922,4666476,501,8.243688384982587,10.173983537041657,33.90629717157015
501,38490264,47427520,158187874,4666390,502,8.248402726733085,10.163642558808844,33.89941132224268
502,38542906,47526240,158349250,4667380,503,8.25793185898727,10.18263779679392,33.92679618972529
503,38550896,47497520,158323102,4668052,504,8.258454704446308,10.175019472790792,33.91631070090907
504,38468378,47403940,158128672,4666458,505,8.243592463491582,10.158441370306987,33.886230627169475
505,38551996,47538990,158422964,4671372,506,8.252820798686125,10.176665442187007,33.91358341831907
506,38483920,47478320,158210202,4664310,507,8.25072089976867,10.179066142687772,33.91931539713269
507,38525778,47472070,158310946,4670874,508,8.248087617007009,10.163423376438756,33.89321698679947
508,38506554,47451140,158210978,4665756,509,8.253014945487934,10.170086048220266,33.90896952176668
509,38438904,47408480,158120012,4665612,510,8.238769962011414,10.161256443956335,33.89051897157329
510,38491524,47463390,158256864,4668042,511,8.245753572911298,10.167729853330368,33.902193682061984
511,38498988,47402230,158086556,4664322,512,8.253930153192682,10.162726758572843,33.892719241939126
512,38490452,47430840,158182980,4666890,513,8.247559295376579,10.163265043744335,33.89473075217115
513,38449778,47399490,158055080,4663662,514,8.244546452980511,10.163577463375347,33.890766526390635
514,38457754,47355560,158009968,4663710,515,8.246171824577429,10.154053318066518,33.88074472898186
515,38518600,47400930,158161750,4668488,516,8.250765558356367,10.153379423916267,33.878581245148325
516,38490882,47418750,158125276,4665252,517,8.250547237319656,10.164241931625558,33.89426251786613
517,38534980,47419010,158138290,4666478,518,8.25782956653819,10.16162724864448,33.88814647792189
518,38608336,47560660,158408092,4667984,519,8.270880105844407,10.188693877271216,33.93501177381928
519,38454700,47365540,157976032,4661960,520,8.248612171704606,10.16000566285425,33.886183493637866
520,38505602,47455710,158253008,4668354,521,8.248218108566745,10.165405194207636,33.899101910437814
521,38547234,47447230,158192878,4666788,522,8.259906813851412,10.166999229448606,33.897592519737344
522,38539900,47485480,158326812,4669024,523,8.25438035872165,10.170322534217002,33.910044583193404
523,38566562,47542740,158406200,4668532,524,8.260961261484338,10.183659445838648,33.93062315948568
524,38509108,47455220,158193220,4665702,525,8.253657863275452,10.171078221455206,33.90555590562792
525,38482668,47404370,158133230,4666922,526,8.245834835036883,10.15752352407004,33.88383821285207
526,38544234,47497620,158239692,4663302,527,8.26543809515232,10.185405105652604,33.93297110073506
527,38444430,47378750,158069464,4665200,528,8.240682071508187,10.155781102632256,33.88267684129298
528,38488950,47468370,158241744,4665890,529,8.24900501297716,10.173486730291541,33.91458949953814
529,38441520,47423580,158131742,4664460,530,8.241365560000515,10.167003254396008,33.90140380665715
530,38495454,47394850,158144408,4667516,531,8.247524807627869,10.154191222911717,33.88192091896418
531,38624662,47513400,158320766,4667120,532,8.27590934023552,10.18045389876412,33.92258309192821
532,38463512,47420600,158200010,4669036,533,8.237998593285637,10.156400593184546,33.88279936158128
533,38619410,47571200,158451784,4669396,534,8.270750649548678,10.187870122816742,33.934107109356326
534,38471604,47355840,157989650,4662600,535,8.251105391841461,10.156530691030756,33.88445288036718
535,38533624,47424700,158185068,4666700,536,8.257146163241691,10.162363125977672,33.89655816744166
536,38555694,47480350,158268738,4667118,537,8.261135458756346,10.17337680341487,33.91144984977881
537,38617580,47593420,158505778,4670198,538,8.268938490402334,10.190878416718093,33.93984109453175
538,38465278,47456260,158212636,4666530,539,8.242800967742626,10.169496392394349,33.90370060837496
539,38512076,47408780,158157220,4668064,540,8.250117393420485,10.155983294145068,33.88068801113267
540,38541820,47424030,158086068,4662530,541,8.266288903234939,10.171308281126342,33.90564092885193
541,38600148,47556320,158450180,4671462,542,8.262969494346738,10.180179138779252,33.918756055384804
542,38494620,47471610,158294212,4670140,543,8.242712209912337,10.164922250724818,33.89496075064131
543,38473496,47534000,158366900,4667930,544,8.242089320105485,10.18310043209731,33.926579875876456
544,38534722,47498900,158352690,4670092,545,8.251383912779449,10.170870295488825,33.90783093780593
545,38485476,47435440,158227674,4668796,546,8.243126493425715,10.16010123380846,33.890466407185066
546,38594064,47550370,158396708,4667834,547,8.268088368181045,10.18681684053032,33.93366345075682
547,38518198,47489170,158348218,4671342,548,8.245638619480227,10.166065768680607,33.8978002466957
548,38520322,47460170,158125070,4660820,549,8.264709214258435,10.182794014787097,33.92644856484481
549,38535362,47501290,158263510,4665236,550,8.260109885116208,10.181969358034621,33.92400941774435
550,38488976,47449770,158212814,4666958,551,8.247122858187282,10.16717313504857,33.900629489273314
551,38546226,47456930,158230836,4667102,552,8.259135112110256,10.168393576999174,33.90344500720147
552,38513988,47421460,158159250,4666166,553,8.253882952299596,10.162831755235455,33.89490429616092
553,38485396,47461580,158189992,4664232,554,8.251175327470847,10.17564735201851,33.915549655334466
554,38483786,47428450,158102828,4662914,555,8.253162292935276,10.171418559295754,33.90644305256327
555,38492394,47472340,158274622,4667880,556,8.246226124064886,10.170000085692006,33.907174563185
556,38486780,47450710,158184130,4664960,557,8.25018435313486,10.171729232404994,33.90900029153519
557,38597132,47564470,158478984,4671352,558,8.26251843149478,10.182163536380902,33.92572086196887
558,38548762,47527700,158424928,4672168,559,8.250722576756658,10.17251520065203,33.90822590283569
559,38507066,47462800,158223342,4666234,560,8.252279247033046,10.171543047348248,33.908145626644526
560,38439912,47367640,158042136,4665348,561,8.239452233788347,10.153077541053744,33.87574431746571
561,38429556,47341810,157983770,4663462,562,8.24056377000606,10.15164485097123,33.87692877094313
562,38432016,47365520,158062000,4666296,563,8.236086180559484,10.150560530236401,33.87311906488573
563,38509836,47425790,158110712,4663868,564,8.25705959088036,10.168767640936665,33.90119788982021
564,38512340,47494010,158234424,4664378,565,8.2566936041633,10.182281538931878,33.92401387709144
565,38498430,47462840,158276192,4669140,566,8.245293565838677,10.165221004296294,33.8983607259581
566,38500770,47451610,158216756,4666158,567,8.251064366015896,10.169310597712293,33.90728646565333
567,38557762,47489500,158252630,4665614,568,8.264241748245784,10.178617433846863,33.91892899841264
568,38404320,47352390,157982220,4662520,569,8.236816142343626,10.155965014627283,33.883440714463426
569,38621168,47547500,158384556,4667058,570,8.275270630877097,10.187895672177204,33.936701879428114
570,38455634,47397650,158094924,4664098,571,8.245031300800283,10.162232869034913,33.89614111881869
571,38483202,47339190,158020082,4666220,572,8.247189802452521,10.145083172246487,33.864687477229964
572,38555306,47473380,158273652,4668500,573,8.258606833029882,10.16887222876727,33.90246374638535
573,38480556,47433840,158152414,4665702,574,8.247538312562611,10.166495845641235,33.89680995485781
574,38428510,47416620,158175026,4668486,575,8.231471616279881,10.156744606281352,33.8814395073692
575,38593392,47486480,158189768,4662132,576,8.278056477165382,10.185571751293185,33.9307784507174
576,38531892,47421840,158124088,4664490,577,8.260687020445966,10.166564833454462,33.89954485913787
577,38568674,47421670,158074646,4661508,578,8.273862020616505,10.173031988789894,33.91062420143868
578,38451490,47353420,157986416,4662518,579,8.246936526572123,10.156190281731888,33.88435519176548
579,38571230,47587350,158521374,4671584,580,8.256563512504538,10.186555566591545,33.933110054319904
580,38531728,47525620,158331980,4666478,581,8.257132681221256,10.184473172272536,33.92965315597759
581,38458158,47416490,158146290,4666178,582,8.241896901489827,10.161740507970334,33.89203969501378
582,38443474,47346810,157978698,4662922,583,8.244502910406823,10.153892773672817,33.8797642336715
583,38495850,47411130,158108698,4664850,584,8.252323225827197,10.163484356410175,33.893629591519556
584,38445692,47372750,158098714,4667462,585,8.236958758314476,10.14957379406624,33.872523011435334
585,38509392,47445670,158195520,4666218,586,8.25280601977876,10.167906857330712,33.90229946393418
586,38538762,47466600,158214438,4665076,587,8.261122005300663,10.174882467080922,33.91465390917533
587,38413336,47378140,158090762,4666528,588,8.231673741162595,10.15276025344753,33.87759850578417
588,38432958,47355810,158041410,4666664,589,8.235638563222036,10.147679370102496,33.86603578059187
589,38481226,47347360,157997500,4663948,590,8.25078367082995,10.15177699236784,33.87634253212086
590,38639936,47526170,158408584,4671192,591,8.271964843234874,10.174313108945212,33.91181180306868
591,38490898,47465490,158282540,4668798,592,8.244284289018287,10.16653322761019,33.902203522191364
592,38521812,47482950,158211682,4663342,593,8.260559058289099,10.182171927343095,33.9266736173328
593,38535074,47451440,158084566,4658638,594,8.2717468066847,10.185689465461794,33.933644554481376
594,38451502,47375960,158112960,4668440,595,8.23647770989881,10.148135137219285,33.868478549579734
595,38530646,47478480,158319334,4669482,596,8.251588934275793,10.167825895891664,33.905117098641774
596,38548158,47498570,158286484,4666352,597,8.260876590535819,10.178951352148315,33.920819518116076
597,38496534,47436280,158186370,4667674,598,8.247477008891366,10.162723446410354,33.889763938098504
598,38590164,47524580,158404240,4671014,599,8.261624563745688,10.174360427949905,33.91217410181173
599,38496068,47353700,157990930,4662740,600,8.25610435066077,10.155766780905648,33.88371000742053
600,38563138,47500370,158323390,4668478,601,8.260323385908642,10.174701476584017,33.91327751785486
601,38506372,47484780,158300862,4668216,602,8.248626884445793,10.171932918271134,33.9103550478384
602,38544196,47492770,158265786,4666268,603,8.260176226483349,10.177891625598873,33.91699448038561
603,38434058,47412800,158140120,4666322,604,8.23647789415304,10.160636149841352,33.88967156574279
604,38569058,47504140,158352262,4668320,605,8.261871079960242,10.175853411934058,33.920609983891424
605,38549308,47479110,158247190,4666762,606,8.260397251884712,10.173887162019405,33.909419421860385
606,38435420,47334560,157978464,4664492,607,8.240001269162859,10.147848897586275,33.86831063275486
607,38512864,47435720,158119562,4663724,608,8.257963807463735,10.17121081779282,33.90414226913943
608,38531502,47488320,158288102,4667980,609,8.25442739686117,10.173205540726396,33.909335944027184
609,38543788,47488350,158372146,4672924,610,8.24832331961744,10.162448608194783,33.891444842672385
610,38527018,47444350,158207976,4668244,611,8.253000057409167,10.163211263164479,33.89025423692506
611,38534356,47508830,158360914,4669284,612,8.252733395527024,10.174756986295971,33.91545984352205
612,38475424,47443640,158201800,4666902,613,8.244317965108332,10.165981629783527,33.89867625246898
613,38549790,47431470,158126824,4664332,614,8.264804049111428,10.168973820902972,33.90127975452862
614,38518628,47444120,158197050,4666750,615,8.253844324208496,10.166415599721434,33.89876252209782
615,38409506,47384820,158083662,4663820,616,8.235632164191586,10.160087653468615,33.895746834140255
616,38685100,47632030,158637788,4672294,617,8.279680174235612,10.194570375922405,33.95286940419417
617,38462440,47419700,158168290,4666956,618,8.241440459262954,10.160734320186434,33.8911037515674
618,38436244,47394390,158148238,4668030,619,8.233932515429421,10.15297459527895,33.87901063189397
619,38515690,47446180,158239622,4668496,620,8.250128092644825,10.163054654004203,33.89520350879598
620,38544154,47452020,158155528,4664282,621,8.263684314113084,10.173488652701531,33.90779717006819
621,38545594,47456470,158231354,4667316,622,8.258621014733093,10.167828790679696,33.90200149293513
622,38548402,47524180,158357114,4668650,623,8.256862690499394,10.179426600837502,33.919251603782676
623,38538992,47456860,158205036,4665474,624,8.26046656781283,10.171926796719905,33.90974550495834
624,38528532,47474910,158246650,4666052,625,8.257201591409611,10.174535131627337,33.914463447899855
625,38493012,47454940,158253822,4668802,626,8.244730018535805,10.164264837103822,33.89602343384877
626,38525996,47490360,158291950,4667240,627,8.254556440208775,10.17525561145345,33.91553680547818
627,38584926,47518190,158293382,4664648,628,8.271776562776012,10.186875837147841,33.93468960573231
628,38501492,47479370,158220612,4664576,629,8.254017514132045,10.178710776713682,33.91961284369683
629,38539816,47476970,158297128,4668026,630,8.256127108118077,10.17067385657235,33.91093537182526
630,38473584,47453870,158211380,4666936,631,8.243863639869927,10.168099583966868,33.90048202932288
631,38476052,47454990,158160642,4663196,632,8.251004675763147,10.176494833157346,33.916790544510675
632,38429702,47413000,158151146,4667008,633,8.234333860151944,10.159185499574889,33.8870526898604
633,38452740,47393470,158150524,4668808,634,8.236093666734636,10.151085673259642,33.87385473979654
634,38537758,47497720,158268140,4666388,635,8.258584155453855,10.178690670385746,33.91662673571079
635,38495124,47395570,158071040,4663814,636,8.254000695568047,10.162405704858728,33.893084072392256
636,38548426,47468350,158269182,4668740,637,8.256708662294324,10.167272111961685,33.89976353363006
637,38437058,47391950,158060316,4663634,638,8.24186846566433,10.162021719543171,33.89209273283452
638,38562524,47509560,158322036,4668026,639,8.260991691134539,10.177655394378695,33.91627124613273
639,38494500,47464430,158215414,4665094,640,8.25160221851907,10.174378051117513,33.91473226477323
640,38559824,47480540,158369840,4673274,641,8.251136997317085,10.160016296925882,33.88841313391853
641,38445958,47432060,158218114,4668590,642,8.235025564463788,10.159825557609471,33.88991408540908
642,38465244,47350640,158054968,4665950,643,8.243818300667602,10.148124176212775,33.87412381187111
643,38394542,47293670,157940986,4666068,644,8.228457450684388,10.135658117284189,33.84883932253023
644,38515090,47474080,158262584,4667172,645,8.252339960901377,10.171915669703194,33.909738916843004
645,38479160,47475940,158321782,4669906,646,8.239814677211918,10.16635880893534,33.902562920966716
646,38507540,47419950,158134200,4665756,647,8.253226272441164,10.163401172285907,33.89251388199469
647,38490222,47411900,158109832,4664772,648,8.251254723703537,10.163819367806186,33.894439428122105
648,38542476,47493880,158281662,4667718,649,8.257241761391755,10.17496772512821,33.90985959306025
649,38498516,47441100,158231780,4668754,650,8.245993684824688,10.161404948729361,33.89165074878651
650,38532890,47507060,158330298,4667530,651,8.255520585834478,10.178201318470368,33.92164549558332
651,38490272,47415980,158147160,4666576,652,8.248075676898866,10.16076455199701,33.88933556423382
652,38446042,47395100,158132994,4666286,653,8.239109647372665,10.156921371729037,33.88840589710961
653,38569922,47461330,158252986,4667908,654,8.262785384801928,10.16758042360732,33.90233612144884
654,38521648,47435530,158166158,4666082,655,8.255673175053504,10.166030086912317,33.896994952081855
655,38492704,47475960,158250282,4667828,656,8.246384399767944,10.170888901647618,33.90233787534588
656,38537226,47448140,158199286,4666040,657,8.259086077273233,10.168824099236183,33.904399876554855
657,38474900,47378230,158143740,4669364,658,8.239858790190699,10.146613114762525,33.86836836879712
658,38576658,47544550,158351744,4666776,659,8.266233048254298,10.187879169688024,33.93172159966538
659,38546242,47576840,158479936,4670094,660,8.253847138837035,10.187555111310393,33.93506340557599
660,38483564,47426660,158206412,4668862,661,8.242600445247685,10.158077064603752,33.88543332400915
661,38429976,47393100,158171442,4669086,662,8.230727812681112,10.15040202729185,33.876317977437125
662,38460306,47405750,158101868,4665260,663,8.243979113704274,10.161437947724243,33.88918688347488
663,38554612,47441020,158261306,4671064,664,8.253925015799398,10.156362661697635,33.881211218685934
664,38473470,47392630,158105172,4666386,665,8.244810866482112,10.156174392774194,33.88171745757852
665,38545974,47478810,158289630,4667932,666,8.257612578760787,10.171272846305387,33.91001197103985
666,38594676,47599580,158438566,4666152,667,8.271199909475731,10.201035028434564,33.954866022367035
667,38488410,47344160,157919748,4659818,668,8.259638037365407,10.160087797420415,33.88968152833437
668,38439186,47405180,158079328,4663546,669,8.242480292893005,10.165050371541312,33.8968089947006
669,38552386,47482170,158251464,4666474,670,8.261566656109087,10.175170803480315,33.91242809881722
670,38545864,47448950,158186386,4665600,671,8.261716392318244,10.169956704389575,33.90483239026063
671,38424928,47376450,157984170,4660532,672,8.244751457558923,10.165459651387438,33.898312467332055
672,38432046,47312070,157923040,4662062,673,8.243572479302077,10.148314200883643,33.874075462745886
673,38490698,47437130,158177622,4666164,674,8.248895238144224,10.166194330074982,33.89885610535764
674,38536962,47450200,158226050,4667300,675,8.256799862875752,10.16652025796499,33.900981295395624
675,38560704,47503190,158306008,4666318,676,8.263625410869983,10.180015592593561,33.9252507008738
676,38522836,47527860,158367674,4668624,677,8.251432542008095,10.18027153182608,33.92170241167419
677,38473984,47330580,158014190,4667236,678,8.243419445684768,10.141029937204804,33.85605313294635
678,38611788,47535130,158377228,4668482,679,8.270737254636519,10.182138433863512,33.92478068888345
679,38510894,47471120,158242978,4666330,680,8.252929818508335,10.173116774853042,33.91165605518684
680,38430850,47335410,157962350,4662716,681,8.242159719785636,10.15189644833612,33.877754939395835
681,38503064,47373870,158087978,4665890,682,8.2520299449837,10.153233359551983,33.881634157684815
682,38601436,47600510,158493530,4668814,683,8.267931855927436,10.195417936975,33.94727868790661
683,38532926,47496230,158261730,4665682,684,8.258798177844097,10.179911532761984,33.920385058390174
684,38445822,47453030,158258372,4669070,685,8.234149841403106,10.163272343314622,33.8950523337624
685,38487774,47464520,158205058,4665098,686,8.250153372983805,10.174388619488807,33.91248329617084
686,38512198,47357730,157954446,4662326,687,8.260297113500858,10.157532956725891,33.87889349650796
687,38463962,47356670,158056926,4666342,688,8.24285103835081,10.148563907231832,33.871697788117544
688,38513708,47406160,158162932,4668170,689,8.250279659909557,10.155191434759232,33.88114228916256
689,38468242,47435080,158218424,4667470,690,8.241775951425504,10.1629105275449,33.89811268203116
690,38461322,47399560,158131076,4666370,691,8.242235827849056,10.157694310566885,33.88738484089345
691,38597590,47617510,158644506,4676026,692,8.254357439415434,10.183328749669057,33.92720784700513
692,38404934,47330620,158010280,4666166,693,8.230511730615671,10.143363952332601,33.86297872814641
693,38592406,47563730,158491678,4672066,694,8.26024418319433,10.18044907756012,33.923253224590574
694,38454000,47357690,158064876,4666422,695,8.240574898712547,10.148608505617366,33.8728207607456
695,38472152,47446350,158261554,4670352,696,8.237527278457812,10.159052251307825,33.88642954535333
696,38554082,47526930,158377566,4668208,697,8.258861216124046,10.180979510767301,33.926844305138076
697,38512472,47459320,158257184,4668398,698,8.249611965389413,10.166082669044071,33.899676934143145
698,38533614,47395030,158055958,4662976,699,8.263738436569264,10.16411622105711,33.895940703962445
699,38555698,47540740,158389300,4668204,700,8.259214464492127,10.183946545609404,33.92938697623326
700,38480096,47397210,158141798,4667856,701,8.243633908158264,10.153957191481485,33.87889386476361
701,38504646,47361480,158080950,4667056,702,8.250307260080016,10.148041934787155,33.87166342122315
702,38468838,47491510,158334776,4669850,703,8.23770313821643,10.169814876280823,33.90575200488238
703,38496290,47422060,158140374,4666190,704,8.250047683441952,10.162908068466994,33.8906846913649
704,38464762,47420210,158095014,4663154,705,8.248657882626222,10.169128019362002,33.90302228920598
705,38458218,47396910,158113586,4666472,706,8.24139049800363,10.156904402297924,33.882896115095086
706,38453724,47347700,157986802,4662764,707,8.246980546302579,10.15442771712229,33.88265029068595
707,38386296,47290380,157912236,4664040,708,8.230267321892608,10.139359868268711,33.85739316129364
708,38485736,47424270,158140134,4664630,709,8.250544201790925,10.166780644981488,33.90196735861151
709,38480718,47431590,158181328,4667170,710,8.244978862994063,10.162816010558862,33.892343325827
710,38455284,47453690,158257306,4669734,711,8.235005248692966,10.161968540392236,33.890004441366465
711,38576826,47510790,158260694,4664118,712,8.27097985085283,10.186446826602586,33.93153732388417
712,38495320,47454580,158217196,4666664,713,8.24900185657249,10.16884438219679,33.903704230688135
713,38528778,47511490,158364608,4669956,714,8.250351395173745,10.173862451808969,33.911370471156474
714,38570734,47427030,158170914,4666810,715,8.26490343510878,10.1626228622978,33.89272629483523
715,38571034,47555250,158380398,4666634,716,8.26527942838457,10.190482047660048,33.93889428654572
716,38416238,47305890,157956742,4665378,717,8.234324849990719,10.139776455412616,33.857222715929986
717,38627876,47536240,158392450,4669810,718,8.271830331426761,10.179480535610656,33.918392825404034
718,38490824,47551940,158444484,4671376,719,8.239718661054045,10.179428930576345,33.9181611585109
719,38542966,47489260,158317632,4668346,720,8.256235934525847,10.172609313876906,33.9130030207701
720,38518166,47428820,158176668,4667470,721,8.25247211015818,10.161569329851076,33.88916650776545
721,38453954,47383400,158042258,4663548,722,8.245643445719868,10.160375748250045,33.888845574228036
722,38530906,47504430,158324548,4668042,723,8.254190086550206,10.176521548006637,33.91669312315528
723,38482242,47414730,158128258,4665552,724,8.248164847374973,10.162726725583596,33.89272223308196
724,38552672,47487460,158255676,4666524,725,8.261539424205255,10.176195386544673,33.91296733928723
725,38573784,47548000,158379406,4667864,726,8.263690630232587,10.186243643773683,33.92973874131723
726,38478756,47434950,158152590,4664598,727,8.249104424432716,10.169139977335668,33.904870258916205
727,38412032,47328950,157937978,4662254,728,8.238940220760172,10.15151684142477,33.87588449706944
728,38512238,47402630,158095498,4664706,729,8.256091166302872,10.161975910164543,33.891846131353184
729,38509784,47473760,158293938,4669122,730,8.247757072957185,10.167598961860495,33.902292122587504
730,38503656,47477920,158350280,4670728,731,8.243609133308555,10.164993551326473,33.90269782355128
731,38496586,47424290,158154414,4665330,732,8.251631931717585,10.165259477893311,33.899941483239125
732,38511442,47460780,158185130,4665030,733,8.255347125313234,10.173735217136867,33.90870583897638
733,38556144,47537540,158340282,4666678,734,8.262010792259504,10.186590975421916,33.92997802719622
734,38522170,47458660,158211568,4665878,735,8.256146002960215,10.171431829121978,33.908209344522085
735,38543572,47454970,158253308,4668264,736,8.256510771455941,10.165442657056241,33.899819718850516
736,38471500,47429510,158120292,4664298,737,8.248079346559761,10.16862773347672,33.90012644989664
737,38398774,47361300,158112060,4668970,738,8.224249459730947,10.143843288776754,33.864441193667986
738,38565654,47438700,158144360,4663736,739,8.269261810702835,10.171823619518772,33.90937222861671
739,38464556,47485450,158348358,4671166,740,8.234465655898335,10.165652430249748,33.899107417719684
740,38521158,47407450,158125782,4666052,741,8.255621240397664,10.160077513066721,33.88855975029854
741,38480326,47442880,158229894,4668894,742,8.241850425389824,10.16148149861616,33.89023053425501
742,38496098,47408770,158155294,4667594,743,8.247524956112292,10.15700380110181,33.88368697020349
743,38505670,47425800,158192114,4667720,744,8.249353003179282,10.160378086089139,33.89066053662173
744,38519142,47446780,158249238,4669028,745,8.249927393881553,10.16202515812713,33.8934009391248
745,38498008,47431230,158191110,4666568,746,8.249747566091397,10.164049897054966,33.89881171773346
746,38389566,47331010,157963110,4663202,747,8.232447575721576,10.149894857653603,33.87438717001751
747,38487596,47388960,158075574,4664742,748,8.250744842908782,10.158966991100472,33.88731338196196
748,38468684,47440070,158205906,4667224,749,8.242305061852614,10.164515352166513,33.89721727519399
749,38542130,47472700,158307768,4671020,750,8.25133054450634,10.163240577004593,33.89147723623534
750,38463880,47433670,158199040,4667808,751,8.240244671588892,10.161872553455497,33.89150539182417
751,38572186,47505040,158292660,4666400,752,8.265940768043889,10.180233156180353,33.921794102520145
752,38503436,47443910,158191228,4667304,753,8.249609624742678,10.165163871905493,33.89349140317408
753,38579438,47512190,158339000,4668126,754,8.264438020738943,10.178000765189285,33.919178702545736
754,38511816,47393500,158092374,4664174,755,8.256942386797748,10.161177520392679,33.89504208033405
755,38566396,47571590,158460908,4668936,756,8.260210891732077,10.188957398430821,33.93940460952988
756,38513776,47448490,158183476,4665134,757,8.255663395735256,10.17087397703903,33.907595365963765
757,38622900,47564850,158342698,4663642,758,8.281703441216115,10.199078316903398,33.95258426783188
758,38481120,47422110,158166292,4667964,759,8.243662547526073,10.159056496579666,33.88335728381796
759,38441220,47312530,158022722,4669512,760,8.232384883045594,10.132221525504164,33.84137828535402
760,38579934,47462300,158219176,4667206,761,8.266173380819273,10.169317574583166,33.900191249325616
761,38570164,47511690,158250118,4662922,762,8.27167256926022,10.18925257595988,33.93797237011471
762,38512806,47474520,158255380,4667162,763,8.251868265982624,10.172031740059591,33.90826802240848
763,38543570,47511520,158391186,4671526,764,8.250745045623207,10.170449656065276,33.90566294611226
764,38556552,47488660,158222950,4664158,765,8.266562153340432,10.181614773770528,33.92315397548711
765,38465692,47408760,158140956,4667110,766,8.241865308509977,10.158054984776447,33.88412872205712
766,38556166,47472230,158248366,4666092,767,8.263053107396939,10.173873554143382,33.914540476270076
767,38508962,47456820,158297480,4670722,768,8.244755735836986,10.160489106395113,33.89143691275139
768,38453074,47361970,158052114,4666444,769,8.240337610394553,10.14947784651439,33.86992622219403
769,38524440,47451480,158191524,4665526,770,8.257255452011199,10.1706602856784,33.90647142465823
770,38548338,47450730,158235986,4668526,771,8.257068290933798,10.163963957788818,33.89420686529324
771,38571678,47546890,158469010,4672640,772,8.254793435830708,10.17559452472264,33.914234779482264
772,38488760,47421410,158177530,4668418,773,8.244497386480816,10.157918592551052,33.88246939327198
773,38504652,47437010,158177146,4665920,774,8.25231722789932,10.166700243467526,33.90052679857349
774,38512226,47508870,158333400,4668594,775,8.249212932201857,10.176269343618229,33.91457899316154
775,38480604,47416660,158232860,4671240,776,8.237770699000693,10.150765107337666,33.87384506041222
776,38535786,47525860,158431062,4672634,777,8.247122714939795,10.171106917426018,33.90615699838678
777,38546704,47481290,158267910,4667072,778,8.25929062161458,10.173678486211484,33.91160667759143
778,38534626,47408800,158115696,4664946,779,8.26046560881948,10.162775732023478,33.894432218507994
779,38414332,47409070,158191294,4669914,780,8.22591850727872,10.152022071498532,33.87456257224437
780,38468836,47381310,158076826,4665550,781,8.245294981299097,10.155567939471231,33.88171298132053
781,38585528,47563520,158443922,4669932,782,8.262546007093894,10.185056227799462,33.92852872375872
782,38485364,47356950,157947656,4659394,783,8.259735922740168,10.163757346985467,33.89875507415771
783,38520968,47352740,157962870,4662018,784,8.262723996346647,10.157133670440569,33.88293867591245
784,38575338,47507420,158360372,4670010,785,8.260225995233414,10.17287329149188,33.910071284643934
785,38528164,47428960,158187748,4668244,786,8.253245545862642,10.159914520320703,33.8859211300866
786,38443676,47344920,157987204,4664942,787,8.240976200775915,10.149090813990828,33.86691710207758
787,38539052,47494430,158332044,4669356,788,8.253611847115534,10.171516157688554,33.90875401233061
788,38394396,47366510,158095634,4667362,789,8.22614487584207,10.148454308879405,33.87258884140549
789,38602088,47504530,158312586,4667200,790,8.27093075077134,10.178378899554337,33.92024897154611
790,38465608,47391730,158025614,4662552,791,8.24990434423037,10.164332751677621,33.892515086158824
791,38451842,47429780,158201952,4667860,792,8.237573963229403,10.1609259917821,33.89175168064166
792,38537702,47489580,158304690,4668484,793,8.254864319980534,10.17237715712424,33.90922834907435
793,38494580,47442830,158144624,4663962,794,8.253622135000242,10.172216240183776,33.90778569808245
794,38415686,47294960,157891384,4663280,795,8.23791108404385,10.141994475991147,33.85843955327581
795,38524072,47459700,158212974,4665920,796,8.256479322405871,10.171563164392017,33.90820545573006
796,38498752,47344950,158033630,4668128,797,8.24715003530323,10.142170480329588,33.853748226269715
797,38455220,47346310,158044734,4666194,798,8.241239005493556,10.146665569412674,33.870159277561115
798,38471132,47334610,158039904,4667328,799,8.242645899323982,10.141693491436643,33.86089514171706
799,38464316,47406470,158103662,4665278,800,8.244806847523341,10.161553073578895,33.889440672131435
800,38542814,47438990,158091144,4661330,801,8.268630197819077,10.177136139256392,33.915458463571554
801,38563754,47500960,158350890,4670010,802,8.257745486626368,10.171489996809429,33.90804088213944
802,38485292,47431220,158156946,4665704,803,8.248549843710617,10.165929943262581,33.897766767887546
803,38558608,47483070,158290896,4667562,804,8.260973930287374,10.172991810285541,33.912971268512344
804,38525884,47417350,158179580,4667820,805,8.253506776182459,10.158350150605637,33.88724929410303
805,38499212,47398890,158122706,4667950,806,8.247563063014814,10.154112619029767,33.87412161655545
806,38478404,47474280,158286904,4669100,807,8.241075153669872,10.167758240346105,33.900945364202954
807,38559222,47544490,158386204,4669242,808,8.25813311882314,10.182485722521985,33.92118121099742
808,38613840,47501740,158265720,4665762,809,8.275998647166315,10.180917929375738,33.92065861910659
809,38460848,47376030,158024126,4662994,810,8.248101541627546,10.16000235042121,33.88898334417758
810,38506166,47404220,158105438,4664910,811,8.254428488438148,10.161872361953392,33.89249481769209
811,38552650,47545560,158349122,4666932,812,8.260812456663178,10.187755039070636,33.93002554997587
812,38599008,47560460,158322436,4662562,813,8.278497529898798,10.200499210519881,33.95610310383004
813,38463834,47409960,158153696,4667274,814,8.241177612456436,10.15795515755021,33.88566773667027
814,38464664,47399330,158027146,4661374,815,8.251786704950085,10.168531853483543,33.90140889789148
815,38602530,47532670,158435066,4671296,816,8.263773051418706,10.175478068613078,33.916725893627806
816,38547940,47455220,158166346,4664612,817,8.263911339249653,10.173454941161237,33.907717512196086
817,38473418,47404230,158157076,4666236,818,8.245064758833458,10.158986815068934,33.89392992553313
818,38471054,47381350,158077560,4664494,819,8.247637149924515,10.157875645246838,33.889540859094254
819,38505016,47413920,158139916,4666138,820,8.252009691955102,10.16127684179079,33.890964219232266
820,38543666,47457270,158218942,4666642,821,8.259400656832042,10.169468752906266,33.90423820811624
821,38579380,47535230,158399888,4669642,822,8.261742549000544,10.179630472742879,33.92120595112002
822,38494978,47426890,158184048,4668084,823,8.246419301794912,10.159819317732929,33.88628996393381
823,38499450,47430510,158161160,4665118,824,8.252620834028207,10.1670547240177,33.90292807170151
824,38471226,47428070,158144678,4665372,825,8.246121852662553,10.16597818994927,33.89754943442881
825,38479316,47426740,158209264,4668194,826,8.242869940709404,10.15954778229011,33.89089313768879
826,38626952,47549390,158467654,4671506,827,8.268629431279763,10.17859979201568,33.9221771308867
827,38549894,47489240,158368406,4671802,828,8.251611262634846,10.165079770075872,33.89878380975906
828,38498446,47431170,158084634,4660600,829,8.260405527185341,10.177052310861262,33.91937390035618
829,38491882,47398010,158107098,4665592,830,8.250160322634297,10.159055914019056,33.88789632698273
830,38474606,47371190,158114510,4667920,831,8.2423447702617,10.148243757390873,33.87258350614407
831,38588332,47503190,158326790,4667300,832,8.267806226297859,10.177873717138388,33.92256550896664
832,38490424,47424230,158215010,4668560,833,8.244603046763885,10.158213667597717,33.889466987679285
833,38565008,47551230,158428738,4670134,834,8.25779474421933,10.181984071549124,33.92380989496233
834,38553520,47420060,158180892,4667744,835,8.259561792591882,10.159096128665153,33.88808212275566
835,38464598,47372740,158007082,4663320,836,8.248329087431273,10.158586586380519,33.88295935084875
836,38525856,47426240,158101072,4662540,837,8.262847289245776,10.171760456746751,33.908786198080875
837,38583950,47549920,158338272,4664064,838,8.27260303460673,10.19495444316373,33.94856331302486
838,38466074,47441430,158172684,4666102,839,8.243727633900845,10.167250951650864,33.89824825946797
839,38523652,47483960,158253754,4666126,840,8.25602480515957,10.176313284296224,33.915448061196805
840,38470926,47459640,158283834,4669854,841,8.238143205333614,10.162981540750524,33.89481427042473
841,38510686,47507960,158291330,4666254,842,8.253019659881353,10.181177449834493,33.9225704387288
842,38521316,47450200,158217222,4667436,843,8.25320711414147,10.166224025353534,33.89810208431353
843,38551322,47496420,158295722,4668116,844,8.258432738175316,10.174644331888924,33.90998038609152
844,38440008,47400540,158165910,4668816,845,8.233352524494434,10.152582581965106,33.87709217925915
845,38543760,47476060,158287210,4668742,846,8.255705712588101,10.168919164948502,33.903610437244126
846,38511898,47422960,158152832,4665834,847,8.254022324840532,10.163876383086068,33.895940575682715
847,38600784,47520230,158362690,4668964,848,8.26752658619771,10.177895995771225,33.9181647149132
848,38555966,47466260,158280212,4669468,849,8.257036133452463,10.165239380588966,33.89684049660475
849,38602734,47562860,158448734,4669128,850,8.267653831721898,10.186668688457459,33.935401642448014
850,38550774,47522820,158382936,4669822,851,8.25529838182269,10.17658060628435,33.91626832885707
851,38546552,47462260,158239028,4667562,852,8.258390997270094,10.16853337995296,33.901858829084645
852,38525764,47437980,158154106,4664382,853,8.259564503936428,10.17026049753215,33.906765354981644
853,38397846,47377690,158106022,4667172,854,8.227218966860447,10.151262906102453,33.876193549327084
854,38613080,47524380,158347574,4668490,855,8.270999830780402,10.17981831384452,33.918370608055284
855,38530306,47454580,158274584,4669764,856,8.251017824455369,10.16209384457116,33.89348669440254
856,38396034,47330440,157996132,4665754,857,8.229330993447148,10.144221062662112,33.86293662289096
857,38593292,47507820,158295410,4666100,858,8.270995478022332,10.181483465849425,33.924564411392815
858,38464166,47382880,158098936,4666318,859,8.2429371508757,10.154232951976269,33.88087481393253
859,38563792,47506340,158267410,4665644,860,8.265481035415476,10.182161347929675,33.92187873742618
860,38435282,47350860,158036608,4665792,861,8.23767583295612,10.148514978807457,33.87133588466867
861,38418706,47369070,158066784,4666274,862,8.233272628225432,10.151369165205473,33.87430399500758
862,38558586,47435310,158177266,4666418,863,8.262994442418146,10.165250948371963,33.8969346509464
863,38443036,47388360,158126162,4667628,864,8.236096792632146,10.152557144656772,33.87719886846167
864,38493182,47389950,158074712,4664772,865,8.251889267042419,10.159113885951982,33.886910657155376
865,38510976,47430960,158225622,4669512,866,8.247323489049819,10.157583918833488,33.88483036342984
866,38512798,47462850,158228340,4666816,867,8.252478349264251,10.17028526515723,33.904987897530134
867,38479778,47428430,158174976,4667404,868,8.244364104757162,10.161629462544918,33.889283207538924
868,38509144,47419020,158235174,4671372,869,8.243647476587178,10.150983479799939,33.87338323730159
869,38486604,47432980,158184258,4666968,870,8.246596934026545,10.163553724816627,33.89443810199684
870,38504554,47480710,158290976,4667590,871,8.24934366557474,10.17242517016276,33.912784970402285
871,38490072,47452260,158222436,4666932,872,8.247403647621178,10.167763318599885,33.90288009338897
872,38532856,47433190,158122326,4663542,873,8.262572954205194,10.171065254692678,33.90605809918727
873,38504282,47418960,158148614,4666154,874,8.251824093246816,10.162322117958388,33.892712070797494
874,38443040,47323970,158017954,4668012,875,8.235420131739165,10.13792809444363,33.85123131645763
875,38496020,47439210,158196212,4667428,876,8.247801572943386,10.163886834462149,33.89365877738232
876,38528926,47435730,158168710,4666166,877,8.257084295758016,10.1658899404779,33.89693165652486
877,38505764,47429350,158162760,4664986,878,8.254207836850957,10.167093749048764,33.904230366393385
878,38568488,47541600,158400010,4670898,879,8.257189088693437,10.178256943311544,33.91211069049249
879,38508614,47470840,158314026,4669322,880,8.24715322695672,10.166538096965684,33.90514211699257
880,38529216,47422420,158189788,4668164,881,8.253612340954602,10.158687655360866,33.8869388479068
881,38551670,47468470,158221878,4665402,882,8.263311500273717,10.174572309095765,33.91387880401303
882,38499390,47485560,158284780,4667562,883,8.24828679297672,10.17352527936426,33.91166094847803
883,38503750,47459300,158216406,4665596,884,8.252696975906186,10.172183789595156,33.911295791577324
884,38542220,47445490,158177356,4666656,885,8.259066020722333,10.166913952946178,33.89522518908615
885,38496566,47479030,158309272,4670128,886,8.243150080683014,10.166537191271845,33.89827259552629
886,38528230,47472940,158261756,4667020,887,8.255424232165279,10.172002691224808,33.910665906724205
887,38468046,47409560,158156966,4666872,888,8.242790031524327,10.1587444438159,33.88928729993023
888,38527486,47469280,158298082,4670520,889,8.249078475201905,10.163596344732492,33.89303161104117
889,38495676,47442130,158216844,4667840,890,8.246999897168712,10.163615291012546,33.89508723520943
890,38554134,47437560,158158242,4664090,891,8.266164246401763,10.17080716710012,33.909774897139634
891,38433864,47314910,157889960,4660142,892,8.247358986056648,10.153104776635562,33.88093324194842
892,38468902,47456760,158203770,4665318,893,8.245719155693138,10.172245493233259,33.91060802286147
893,38525066,47418230,158170132,4667322,894,8.2542121584926,10.1596225844285,33.88884075279143
894,38500032,47433160,158193742,4667782,895,8.24803557664004,10.161819896473315,33.89055915636163
895,38549470,47478120,158215326,4665184,896,8.263226059250824,10.177116272369965,33.91405912392737
896,38469422,47381250,158152416,4669472,897,8.238495058970265,10.147025188286813,33.869443054803625
897,38598704,47490140,158272446,4665686,898,8.2728893457468,10.178597530995441,33.922652746027055
898,38509104,47462560,158217778,4665960,899,8.253200627523597,10.172088916321615,33.908944354430815
899,38578588,47506110,158318160,4668404,900,8.263763804503638,10.176092300494988,33.91269478819742
900,38514592,47421890,158126310,4664998,901,8.256078995103534,10.165468452505232,33.89632964472868
901,38477102,47433260,158206334,4666946,902,8.244599787527005,10.163661632253726,33.899328168785324
902,38566550,47493100,158336098,4670598,903,8.257304525030841,10.16852659980585,33.90060501888623
903,38539284,47452920,158196422,4666450,904,8.258801444352773,10.168954987195834,33.90080725176526
904,38565026,47436470,158209150,4668394,905,8.260876438449712,10.161196762741106,33.88941678872863
905,38455280,47418290,158103718,4663140,906,8.246649253507293,10.168746810089338,33.90499062863221
906,38357056,47280490,157868158,4663170,907,8.225532416789438,10.139130677200274,33.85425751152113
907,38442322,47398950,158106960,4665832,908,8.239114052970617,10.158734819427703,33.88612363239825
908,38432424,47330390,157918136,4661548,909,8.24456253587864,10.15336321754061,33.87675853600564
909,38524156,47462990,158236460,4667426,910,8.253833269129494,10.168986074980085,33.9022964691888
910,38440198,47359820,157988022,4663054,911,8.243566984212492,10.156395358063621,33.8808047258299
911,38433536,47383890,158129890,4667862,912,8.233648723976843,10.151090584940171,33.87629925649045
912,38599436,47524410,158358844,4668494,913,8.26807017423606,10.179816017756476,33.92075560127099
913,38539490,47485490,158283130,4667830,914,8.256403939303702,10.172926177688561,33.90936045228725
914,38431576,47409520,158104732,4662770,915,8.24221996795896,10.167672863984285,33.90789852383883
915,38589714,47490520,158280326,4667010,916,8.268616094673035,10.175791352493352,33.91471756006522
916,38514890,47454330,158193160,4665638,917,8.255010354425268,10.171026984948254,33.90600813865113
917,38538892,47451050,158218686,4667104,918,8.257560148648926,10.167129337593506,33.90082715105556
918,38516062,47435610,158119614,4664062,919,8.258051029338803,10.170450135525643,33.901696418272316
919,38442910,47417810,158225842,4671506,920,8.229232714246754,10.150433286396293,33.870413952160185
920,38458280,47385600,158056898,4665160,921,8.24372154438433,10.157336511502285,33.88027377410421
921,38516998,47442570,158194154,4666194,922,8.254478489321276,10.167294801716345,33.90218109234207
922,38491866,47481990,158280668,4667150,923,8.247402804709512,10.173658442518454,33.913773502030146
923,38488966,47420710,158205306,4668592,924,8.244234235932375,10.157390065355893,33.887156127586216
924,38505018,47427120,158173030,4667082,925,8.250341005364808,10.162049863276454,33.89120439709437
925,38566670,47542250,158392540,4668850,926,8.260421731261445,10.182860875804534,33.925386337106566
926,38534682,47466460,158269420,4668472,927,8.254238645963818,10.16745093469555,33.90176057605144
927,38545682,47504870,158331842,4668778,928,8.256053725407376,10.175011534067373,33.912908688312015
928,38429774,47361390,158031298,4664462,929,8.238843836652544,10.153666167716663,33.87985538310742
929,38488456,47395200,158093262,4664284,930,8.251739388081857,10.161302356374526,33.89443310055734
930,38504048,47443390,158175564,4665324,931,8.253242004199494,10.169366586329266,33.90451852861666
931,38431246,47343810,158092870,4669256,932,8.230700137238138,10.13947618207269,33.858257075645454
932,38536910,47435460,158162322,4665624,933,8.259754750918633,10.167013029768365,33.899500259772324
933,38535182,47452840,158158448,4663872,934,8.26248704938729,10.174558821511397,33.911404086561554
934,38500684,47453340,158176414,4664290,935,8.254350394165028,10.173754204820026,33.912216864731825
935,38552270,47529010,158424036,4671088,936,8.25338122510216,10.175147631558215,33.91587484543216
936,38482604,47454660,158222522,4666960,937,8.245753981178327,10.168216569244219,33.90269511630697
937,38594728,47511230,158318998,4666962,938,8.269775498493452,10.180333587460108,33.92335270782149
938,38535722,47505220,158295522,4666120,939,8.258622152880767,10.180882617678071,33.924443006180724
939,38530258,47460150,158170430,4664582,940,8.260173794779467,10.174577271875593,33.90881112176825
940,38536490,47462950,158177682,4663994,941,8.262551366918569,10.176460347075919,33.914640970807426
941,38440302,47394500,158174258,4670784,942,8.229946407284087,10.147011722229074,33.86460559940259
942,38446914,47387360,158123866,4667886,943,8.236472356008694,10.151781770163195,33.874834561083965
943,38489894,47459240,158284894,4670238,944,8.241527305460664,10.162060263309922,33.892254313377606
944,38510828,47440310,158209858,4667350,945,8.251112087158665,10.164292371474177,33.89714891747994
945,38508020,47418050,158123864,4664782,946,8.255052433318427,10.165115968977757,33.897374839810304
946,38537692,47503040,158287130,4666920,947,8.257628585876766,10.178670300755101,33.91682951496919
947,38520668,47448300,158214470,4667342,948,8.253234496207906,10.16602168857564,33.89819516118596
948,38549366,47411300,158125490,4665230,949,8.263122289790642,10.162692943327553,33.89446822557516
949,38491232,47464690,158240418,4667628,950,8.246422379846894,10.168910204497873,33.90167725448558
950,38502784,47460180,158311734,4671422,951,8.242197771899006,10.159685851545847,33.889409691524335
951,38485236,47408990,158070882,4662292,952,8.254574359563923,10.168601623407543,33.904114542804265
952,38514238,47452980,158160680,4663742,953,8.258226548552642,10.174872452206833,33.91282793945291
953,38495206,47416130,158157420,4667278,954,8.247892240402221,10.159268421551063,33.886436591092284
954,38527484,47394870,158089582,4665118,955,8.258630113964964,10.159415045878797,33.887584837082365
955,38512774,47495310,158273122,4665312,956,8.255133633077488,10.1805216885816,33.92551709296184
956,38531976,47416170,158202914,4668482,957,8.25364133352126,10.15665691760191,33.88744221355036
957,38503756,47519070,158337054,4667642,958,8.249080799255813,10.18053012634645,33.922278957983494
958,38464742,47347520,158022290,4665804,959,8.24396867078,10.14777303118605,33.86818006071408
959,38465772,47417160,158125608,4665478,960,8.244765488123617,10.163408765404101,33.89269180992816
960,38439216,47293040,157888502,4663324,961,8.242879113696581,10.14148705944515,33.85750207362817
961,38510742,47433450,158122370,4664358,962,8.256386409447988,10.169341632867804,33.900135881508234
962,38487924,47438610,158128556,4664024,963,8.25208532374619,10.171176220362502,33.903889859914955
963,38458848,47309020,157929890,4663550,964,8.24668932465611,10.144422167661974,33.86473609160404
964,38492740,47423700,158158462,4665364,965,8.250747422923485,10.16505893216478,33.90056209976328
965,38531632,47501920,158236476,4663212,966,8.262895188981329,10.186523795186666,33.93293635374073
966,38520568,47479490,158262744,4667106,967,8.253630408222998,10.17321869269736,33.910252734778254
967,38521988,47394330,158162262,4669476,968,8.249745367574434,10.14981766690738,33.87152262909157
968,38540642,47458290,158186364,4664796,969,8.262020890088227,10.173711776463536,33.91067133482365
969,38486032,47427860,158155454,4664436,970,8.250950811630817,10.167973148307748,33.906661812918
970,38570968,47449380,158174218,4664766,971,8.2685751010876,10.17186714188879,33.90828564605384
971,38567122,47429250,158193436,4668398,972,8.261318336611403,10.159641487293928,33.886021714515344
972,38521072,47474460,158197370,4663948,973,8.25932707654545,10.179028582651435,33.91919678349758
973,38533684,47493130,158307782,4668124,974,8.25464019379091,10.17392211517946,33.91250575177523
974,38442990,47397420,158105822,4666262,975,8.23849796689513,10.157470797824898,33.88275711908161
975,38478778,47399150,158001526,4659794,976,8.257613533988842,10.171941077223586,33.907405778023666
976,38525644,47466900,158283738,4669216,977,8.25098774612269,10.165925071789355,33.899425085496155
977,38508766,47477160,158293718,4669034,978,8.247694490980361,10.1685187985352,33.90288397985536
978,38557524,47524620,158306898,4664972,979,8.265328066277782,10.187546677664946,33.93523005068412
979,38534408,47501540,158364604,4670546,980,8.250514607928066,10.170446881371044,33.90708580966765
980,38494690,47465120,158237554,4666454,981,8.249238072420729,10.171560675407923,33.909592594291084
981,38446952,47354050,158051192,4666006,982,8.239799091557105,10.148733199228634,33.87290800740505
982,38471098,47342750,157964344,4662254,983,8.251609200185147,10.15447678311821,33.88153970161214
983,38475980,47388100,158087476,4665102,984,8.247618165690696,10.157998688989009,33.88724962498141
984,38573620,47543660,158407794,4668100,985,8.263237719843191,10.1847989546068,33.93410466785202
985,38528106,47518560,158335246,4667506,986,8.254538076651642,10.180717496667386,33.922880013437585
986,38522972,47488500,158231116,4664732,987,8.258346245829342,10.18032761582016,33.920730279896034
987,38536394,47484800,158285238,4668048,988,8.25535512916748,10.172303283942238,33.908228450093056
988,38560130,47467050,158256594,4667202,989,8.261937237771154,10.170344030534784,33.90823752646661
989,38471610,47349520,157918394,4660654,990,8.25455182899224,10.159415395350095,33.88331208452719
990,38464960,47428340,158153356,4666438,991,8.24289533044262,10.16371373625879,33.891665548754744
991,38454074,47399400,158045880,4661828,992,8.248711449671674,10.167556589389399,33.90212594716064
992,38556584,47478940,158219844,4665492,993,8.264205361406686,10.176620172106178,33.912788619078114
993,38479656,47470270,158228582,4665626,994,8.24747975941492,10.1744696210112,33.913687466590765
994,38534174,47470200,158150114,4662414,995,8.264854643967695,10.181463936921947,33.92022115582186
995,38505824,47474150,158253348,4667156,996,8.250382888422843,10.171965539613417,33.90787623126375
996,38540328,47508620,158404816,4671986,997,8.249238760561354,10.168827560699025,33.905242010571094
997,38493154,47390760,158102040,4666028,998,8.249662025174302,10.156552853947726,33.883645790381024
998,38449408,47406840,158121630,4665696,999,8.24087295871827,10.160722001604904,33.89025560173659
999,38569244,47444590,158215844,4666876,1000,8.264467279610601,10.166241828580832,33.90187440163398
